file,class,type,cbo,wmc,dit,rfc,lcom,tcc,lcc,totalMethodsQty,staticMethodsQty,publicMethodsQty,privateMethodsQty,protectedMethodsQty,defaultMethodsQty,visibleMethodsQty,abstractMethodsQty,finalMethodsQty,synchronizedMethodsQty,totalFieldsQty,staticFieldsQty,publicFieldsQty,privateFieldsQty,protectedFieldsQty,defaultFieldsQty,finalFieldsQty,synchronizedFieldsQty,nosi,loc,returnQty,loopQty,comparisonsQty,tryCatchQty,parenthesizedExpsQty,stringLiteralsQty,numbersQty,assignmentsQty,mathOperationsQty,variablesQty,maxNestedBlocksQty,anonymousClassesQty,innerClassesQty,lambdasQty,uniqueWordsQty,modifiers,logStatementsQty
/work/Papiere/finegrained-traceability/datasets/eTour/code/AdvancedSearch.java,unisa.gps.etour.control.SearchManager.AdvancedSearch,class,5,6,2,0,15,0.0,0.0,6,0,6,0,0,0,6,0,0,0,2,2,0,2,0,0,2,0,0,16,0,0,0,0,0,0,0,2,0,2,0,0,0,0,39,1,0
/work/Papiere/finegrained-traceability/datasets/eTour/code/AdvertisementAgencyManager.java,unisa.gps.etour.control.AdvertisementManager.AdvertisementAgencyManager,class,6,13,2,6,0,1.0,1.0,5,0,5,0,0,0,5,0,0,0,2,1,0,2,0,0,1,0,2,57,6,0,0,4,4,0,2,3,0,3,2,0,0,0,88,1,0
/work/Papiere/finegrained-traceability/datasets/eTour/code/AdvertisementManager.java,unisa.gps.etour.control.AdvertisementManager.AdvertisementManager,class,8,23,1,21,0,1.0,1.0,5,0,5,0,0,0,5,0,0,0,2,1,0,2,0,0,1,0,8,108,4,2,0,4,5,6,2,21,3,20,3,0,0,0,109,1,0
/work/Papiere/finegrained-traceability/datasets/eTour/code/AdvertisementRefreshmentPointManager.java,unisa.gps.etour.control.AdvertisementManager.AdvertisementRefreshmentPointManager,class,2,1,2,0,0,NaN,NaN,1,0,1,0,0,0,1,0,0,0,1,1,0,1,0,0,1,0,0,6,0,0,0,0,0,0,1,1,0,1,0,0,0,0,25,1,0
/work/Papiere/finegrained-traceability/datasets/eTour/code/Authentication.java,unisa.gps.etour.control.RegisteredUserManager.Authentication,class,4,10,1,5,0,0.0,0.0,2,0,2,0,0,0,2,0,0,0,3,1,0,3,0,0,1,0,2,32,4,0,1,1,0,2,8,3,0,3,4,0,0,0,26,1,0
/work/Papiere/finegrained-traceability/datasets/eTour/code/AverageRatingRenderer.java,unisa.gps.etour.gui.operatoragency.tables.AverageRatingRenderer,class,0,11,6,4,0,NaN,NaN,1,0,1,0,0,0,1,0,0,0,0,0,0,0,0,0,0,0,0,32,1,0,0,0,1,7,8,4,5,2,1,0,0,0,54,1,0
/work/Papiere/finegrained-traceability/datasets/eTour/code/Banner.java,unisa.gps.etour.gui.operatoragency.Banner$Anonymous10,anonymous,3,1,1,5,0,NaN,NaN,1,0,1,0,0,0,1,0,0,0,0,0,0,0,0,0,0,0,0,9,0,0,0,0,0,0,1,2,0,2,0,0,0,0,14,-1,0
/work/Papiere/finegrained-traceability/datasets/eTour/code/Banner.java,unisa.gps.etour.gui.operatoragency.Banner$Anonymous1,anonymous,5,2,1,11,0,NaN,NaN,1,0,1,0,0,0,1,0,0,0,0,0,0,0,0,0,0,0,2,21,0,0,0,1,0,14,0,9,2,4,1,0,0,0,68,-1,0
/work/Papiere/finegrained-traceability/datasets/eTour/code/Banner.java,unisa.gps.etour.gui.operatoragency.Banner$1ModalAdapter$Anonymous7,anonymous,0,0,1,0,0,-1.0,-1.0,0,0,0,0,0,0,0,0,0,0,0,0,0,0,0,0,0,0,0,2,0,0,0,0,0,0,0,0,0,0,0,0,0,0,0,-1,0
/work/Papiere/finegrained-traceability/datasets/eTour/code/Banner.java,unisa.gps.etour.gui.operatoragency.Banner,class,16,34,6,80,29,NaN,NaN,15,0,1,14,0,0,1,0,0,0,21,0,0,17,4,0,0,0,5,412,11,3,11,3,1,51,84,80,18,43,3,9,1,0,204,1,0
/work/Papiere/finegrained-traceability/datasets/eTour/code/Banner.java,unisa.gps.etour.gui.operatoragency.Banner$Anonymous4,anonymous,0,2,1,11,0,NaN,NaN,1,0,1,0,0,0,1,0,0,0,0,0,0,0,0,0,0,0,2,20,0,0,1,0,0,13,3,7,4,7,1,0,0,0,39,-1,0
/work/Papiere/finegrained-traceability/datasets/eTour/code/Banner.java,unisa.gps.etour.gui.operatoragency.Banner$Anonymous5,anonymous,2,3,1,2,0,NaN,NaN,1,0,1,0,0,0,1,0,0,0,0,0,0,0,0,0,0,0,0,20,0,0,0,0,0,0,0,1,0,1,1,0,0,0,15,-1,0
/work/Papiere/finegrained-traceability/datasets/eTour/code/Banner.java,unisa.gps.etour.gui.operatoragency.Banner$Anonymous2,anonymous,1,1,1,3,0,NaN,NaN,1,0,1,0,0,0,1,0,0,0,0,0,0,0,0,0,0,0,0,6,0,0,0,0,0,0,0,1,0,1,0,0,0,0,12,-1,0
/work/Papiere/finegrained-traceability/datasets/eTour/code/Banner.java,unisa.gps.etour.gui.operatoragency.Banner$1ModalAdapter,innerclass,0,2,2,3,0,1.0,1.0,2,0,2,0,0,0,2,0,0,0,1,0,0,0,0,1,0,0,0,14,0,0,0,0,0,0,0,2,0,2,0,1,0,0,16,0,0
/work/Papiere/finegrained-traceability/datasets/eTour/code/Banner.java,unisa.gps.etour.gui.operatoragency.Banner$Anonymous3,anonymous,1,1,1,3,0,NaN,NaN,1,0,1,0,0,0,1,0,0,0,0,0,0,0,0,0,0,0,0,6,0,0,0,0,0,0,0,1,0,1,0,0,0,0,12,-1,0
/work/Papiere/finegrained-traceability/datasets/eTour/code/Banner.java,unisa.gps.etour.gui.operatoragency.Banner$Anonymous8,anonymous,0,1,1,1,0,NaN,NaN,1,0,1,0,0,0,1,0,0,0,0,0,0,0,0,0,0,0,0,6,0,0,0,0,0,0,0,0,0,0,0,0,0,0,6,-1,0
/work/Papiere/finegrained-traceability/datasets/eTour/code/Banner.java,unisa.gps.etour.gui.operatoragency.Banner$Anonymous9,anonymous,2,1,1,5,0,NaN,NaN,1,0,1,0,0,0,1,0,0,0,0,0,0,0,0,0,0,0,0,9,0,0,0,0,0,0,0,1,0,1,0,0,0,0,11,-1,0
/work/Papiere/finegrained-traceability/datasets/eTour/code/Banner.java,unisa.gps.etour.gui.operatoragency.Banner$Anonymous6,anonymous,0,1,1,2,0,NaN,NaN,1,0,1,0,0,0,1,0,0,0,0,0,0,0,0,0,0,0,0,6,0,0,0,0,0,1,0,0,0,0,0,0,0,0,5,-1,0
/work/Papiere/finegrained-traceability/datasets/eTour/code/BannerDialog.java,unisa.gps.etour.gui.operatoragency.BannerDialog$Anonymous2,anonymous,0,6,1,4,1,0.0,0.0,2,0,2,0,0,0,2,0,0,0,0,0,0,0,0,0,0,0,0,11,4,0,0,0,0,4,0,1,0,1,1,0,0,0,11,-1,0
/work/Papiere/finegrained-traceability/datasets/eTour/code/BannerDialog.java,unisa.gps.etour.gui.operatoragency.BannerDialog$Anonymous1,anonymous,1,5,1,8,0,NaN,NaN,1,0,1,0,0,0,1,0,0,0,0,0,0,0,0,0,0,0,1,21,1,0,1,1,0,0,2,5,0,3,2,0,0,0,17,-1,0
/work/Papiere/finegrained-traceability/datasets/eTour/code/BannerDialog.java,unisa.gps.etour.gui.operatoragency.BannerDialog,class,0,5,5,19,0,1.0,1.0,4,0,3,1,0,0,3,0,0,0,4,1,0,4,0,0,1,0,2,77,3,0,1,0,0,10,28,10,3,8,1,2,0,0,79,1,0
/work/Papiere/finegrained-traceability/datasets/eTour/code/BannerNode.java,unisa.gps.etour.gui.operatoragency.tables.BannerNode,class,1,9,2,3,15,0.14285715,0.14285715,7,0,7,0,0,0,7,0,0,0,1,0,0,1,0,0,0,0,0,32,3,0,2,0,0,2,0,2,0,1,1,0,0,0,60,1,0
/work/Papiere/finegrained-traceability/datasets/eTour/code/BannerRenderer.java,unisa.gps.etour.gui.operatoragency.tables.BannerRenderer,class,0,3,6,7,0,NaN,NaN,1,0,1,0,0,0,1,0,0,0,0,0,0,0,0,0,0,0,1,16,1,0,0,0,2,1,3,3,2,3,1,0,0,0,26,1,0
/work/Papiere/finegrained-traceability/datasets/eTour/code/BeanBanner.java,unisa.gps.etour.bean.BeanBanner,class,1,8,1,3,22,0.10714286,0.10714286,8,0,8,0,0,0,8,0,0,0,4,1,0,4,0,0,1,0,0,31,3,0,0,0,0,0,1,4,0,4,0,0,0,0,33,1,0
/work/Papiere/finegrained-traceability/datasets/eTour/code/BeanConvention.java,unisa.gps.etour.bean.BeanConvention,class,1,16,1,7,102,0.075,0.075,16,0,16,0,0,0,16,0,0,0,8,1,0,8,0,0,1,0,0,63,7,0,0,0,0,0,1,8,0,8,0,0,0,0,50,1,0
/work/Papiere/finegrained-traceability/datasets/eTour/code/BeanCulturalHeritage.java,unisa.gps.etour.bean.BeanCulturalHeritage,class,2,34,1,16,529,0.028520498,0.028520498,34,0,34,0,0,0,34,0,0,0,17,1,0,17,0,0,1,0,0,135,16,0,0,0,0,0,1,17,0,17,0,0,0,0,61,1,0
/work/Papiere/finegrained-traceability/datasets/eTour/code/BeanDish.java,unisa.gps.etour.bean.BeanDish,class,1,10,1,4,37,0.08888889,0.08888889,10,0,10,0,0,0,10,0,0,0,5,1,0,5,0,0,1,0,0,39,4,0,0,0,0,0,1,5,0,5,0,0,0,0,36,1,0
/work/Papiere/finegrained-traceability/datasets/eTour/code/BeanGenericPreference.java,unisa.gps.etour.bean.BeanGenericPreference,class,1,12,1,5,56,0.07575758,0.07575758,12,0,12,0,0,0,12,0,0,0,6,1,0,6,0,0,1,0,0,47,5,0,0,0,0,0,1,6,0,6,0,0,0,0,35,1,0
/work/Papiere/finegrained-traceability/datasets/eTour/code/BeanMenu.java,unisa.gps.etour.bean.BeanMenu,class,1,8,1,3,22,0.10714286,0.10714286,8,0,8,0,0,0,8,0,0,0,4,1,0,4,0,0,1,0,0,31,3,0,0,0,0,0,1,4,0,4,0,0,0,0,36,1,0
/work/Papiere/finegrained-traceability/datasets/eTour/code/BeanNews.java,unisa.gps.etour.bean.BeanNews,class,1,12,1,5,56,0.07575758,0.07575758,12,0,12,0,0,0,12,0,0,0,6,1,0,6,0,0,1,0,0,47,5,0,0,0,0,0,1,6,0,6,0,0,0,0,34,1,0
/work/Papiere/finegrained-traceability/datasets/eTour/code/BeanOperatorAgency.java,unisa.gps.etour.bean.BeanOperatorAgency,class,1,12,1,5,54,0.09090909,0.09090909,12,0,12,0,0,0,12,0,0,0,6,1,0,6,0,0,1,0,0,47,5,0,0,0,0,0,1,6,0,6,0,0,0,0,40,1,0
/work/Papiere/finegrained-traceability/datasets/eTour/code/BeanOperatorRefreshmentPoint.java,unisa.gps.etour.bean.BeanOperatorRefreshmentPoint,class,1,16,1,7,106,0.058333334,0.058333334,16,0,16,0,0,0,16,0,0,0,8,1,0,8,0,0,1,0,0,63,7,0,0,0,0,0,1,8,0,8,0,0,0,0,43,1,0
/work/Papiere/finegrained-traceability/datasets/eTour/code/BeanRefreshmentPoint.java,unisa.gps.etour.bean.BeanRefreshmentPoint,class,2,34,1,16,529,0.028520498,0.028520498,34,0,34,0,0,0,34,0,0,0,17,1,0,17,0,0,1,0,0,135,16,0,0,0,0,0,1,17,0,17,0,0,0,0,68,1,0
/work/Papiere/finegrained-traceability/datasets/eTour/code/BeanSearchPreference.java,unisa.gps.etour.bean.BeanSearchPreference,class,1,6,1,2,11,0.13333334,0.13333334,6,0,6,0,0,0,6,0,0,0,3,1,0,3,0,0,1,0,0,23,2,0,0,0,0,0,1,3,0,3,0,0,0,0,33,1,0
/work/Papiere/finegrained-traceability/datasets/eTour/code/BeanTag.java,unisa.gps.etour.bean.BeanTag,class,1,8,1,3,22,0.10714286,0.10714286,8,0,8,0,0,0,8,0,0,0,4,1,0,4,0,0,1,0,0,31,3,0,0,0,0,0,1,4,0,4,0,0,0,0,29,1,0
/work/Papiere/finegrained-traceability/datasets/eTour/code/BeanTourist.java,unisa.gps.etour.bean.BeanTourist,class,1,32,1,15,466,0.030241935,0.030241935,32,0,32,0,0,0,32,0,0,0,16,1,0,16,0,0,1,0,0,127,15,0,0,0,0,0,1,16,0,16,0,0,0,0,76,1,0
/work/Papiere/finegrained-traceability/datasets/eTour/code/BeanVisitBC.java,unisa.gps.etour.bean.BeanVisitBC,class,1,12,1,5,56,0.07575758,0.07575758,12,0,12,0,0,0,12,0,0,0,6,1,0,6,0,0,1,0,0,47,5,0,0,0,0,0,1,6,0,6,0,0,0,0,45,1,0
/work/Papiere/finegrained-traceability/datasets/eTour/code/BeanVisitPR.java,unisa.gps.etour.bean.BeanVisitPR,class,1,12,1,5,56,0.07575758,0.07575758,12,0,12,0,0,0,12,0,0,0,6,1,0,6,0,0,1,0,0,47,5,0,0,0,0,0,1,6,0,6,0,0,0,0,44,1,0
/work/Papiere/finegrained-traceability/datasets/eTour/code/CardBC.java,unisa.gps.etour.gui.operatoragency.CardBC$Anonymous1,anonymous,4,4,1,13,1,0.0,0.0,2,0,2,0,0,0,2,0,0,0,0,0,0,0,0,0,0,0,3,31,0,0,1,1,0,20,2,11,3,9,1,0,0,0,82,-1,0
/work/Papiere/finegrained-traceability/datasets/eTour/code/CardBC.java,unisa.gps.etour.gui.operatoragency.CardBC,class,13,64,5,126,84,1.0,1.0,20,0,3,17,0,0,3,0,0,0,47,2,0,45,2,0,2,0,12,805,13,9,16,2,1,132,279,198,47,97,3,8,0,0,311,1,0
/work/Papiere/finegrained-traceability/datasets/eTour/code/CardBC.java,unisa.gps.etour.gui.operatoragency.CardBC$Anonymous8,anonymous,0,2,1,2,0,NaN,NaN,1,0,1,0,0,0,1,0,0,0,0,0,0,0,0,0,0,0,0,5,0,0,1,0,1,0,1,0,0,0,0,0,0,0,8,-1,0
/work/Papiere/finegrained-traceability/datasets/eTour/code/CardBC.java,unisa.gps.etour.gui.operatoragency.CardBC$Anonymous7,anonymous,1,2,1,6,0,NaN,NaN,1,0,1,0,0,0,1,0,0,0,0,0,0,0,0,0,0,0,1,9,0,0,1,0,0,3,1,2,1,2,1,0,0,0,15,-1,0
/work/Papiere/finegrained-traceability/datasets/eTour/code/CardBC.java,unisa.gps.etour.gui.operatoragency.CardBC$Anonymous6,anonymous,1,5,1,5,0,NaN,NaN,1,0,1,0,0,0,1,0,0,0,0,0,0,0,0,0,0,0,0,22,0,1,1,0,1,2,2,4,0,4,3,0,0,0,19,-1,0
/work/Papiere/finegrained-traceability/datasets/eTour/code/CardBC.java,unisa.gps.etour.gui.operatoragency.CardBC$Anonymous5,anonymous,4,4,1,17,0,NaN,NaN,1,0,1,0,0,0,1,0,0,0,0,0,0,0,0,0,0,0,2,35,0,0,2,1,0,13,2,7,4,5,2,0,0,0,53,-1,0
/work/Papiere/finegrained-traceability/datasets/eTour/code/CardBC.java,unisa.gps.etour.gui.operatoragency.CardBC$Anonymous4,anonymous,1,3,1,4,0,NaN,NaN,1,0,1,0,0,0,1,0,0,0,0,0,0,0,0,0,0,0,0,8,0,0,0,0,2,0,0,0,0,0,0,0,0,0,13,-1,0
/work/Papiere/finegrained-traceability/datasets/eTour/code/CardBC.java,unisa.gps.etour.gui.operatoragency.CardBC$Anonymous3,anonymous,0,5,1,3,0,NaN,NaN,1,0,1,0,0,0,1,0,0,0,0,0,0,0,0,0,0,0,0,25,0,0,2,0,0,0,2,0,0,0,2,0,0,0,7,-1,0
/work/Papiere/finegrained-traceability/datasets/eTour/code/CardBC.java,unisa.gps.etour.gui.operatoragency.CardBC$Anonymous2,anonymous,5,5,1,16,1,0.0,0.0,2,0,2,0,0,0,2,0,0,0,0,0,0,0,0,0,0,0,3,37,0,0,1,1,0,20,2,11,4,9,2,0,0,0,84,-1,0
/work/Papiere/finegrained-traceability/datasets/eTour/code/CardPR.java,unisa.gps.etour.gui.operatoragency.CardPR$Anonymous3,anonymous,1,3,1,3,0,NaN,NaN,1,0,1,0,0,0,1,0,0,0,0,0,0,0,0,0,0,0,0,7,0,0,0,0,2,0,0,0,0,0,0,0,0,0,9,-1,0
/work/Papiere/finegrained-traceability/datasets/eTour/code/CardPR.java,unisa.gps.etour.gui.operatoragency.CardPR$Anonymous2,anonymous,1,6,1,14,0,1.0,1.0,2,0,2,0,0,0,2,0,0,0,3,0,0,3,0,0,2,0,0,30,0,0,0,0,0,4,6,8,1,7,3,0,0,0,44,-1,0
/work/Papiere/finegrained-traceability/datasets/eTour/code/CardPR.java,unisa.gps.etour.gui.operatoragency.CardPR,class,6,83,7,100,482,0.0,0.0,36,0,2,34,0,0,2,0,0,0,55,0,0,55,0,0,0,0,2,808,32,5,33,0,0,184,354,383,6,109,3,3,1,0,272,1,0
/work/Papiere/finegrained-traceability/datasets/eTour/code/CardPR.java,unisa.gps.etour.gui.operatoragency.CardPR$DocumentoNumerico,innerclass,0,4,3,3,0,1.0,1.0,2,0,2,0,0,0,2,0,0,0,1,0,0,1,0,0,0,0,0,12,1,0,1,0,1,0,0,1,1,1,1,0,0,0,24,0,0
/work/Papiere/finegrained-traceability/datasets/eTour/code/CardPR.java,unisa.gps.etour.gui.operatoragency.CardPR$Anonymous1,anonymous,0,1,1,0,0,NaN,NaN,1,0,1,0,0,0,1,0,0,0,0,0,0,0,0,0,0,0,0,4,0,0,0,0,0,0,0,0,0,0,0,0,0,0,4,-1,0
/work/Papiere/finegrained-traceability/datasets/eTour/code/Category.java,unisa.gps.etour.control.fuzzy.Category,class,2,15,1,4,0,0.8055556,1.0,9,0,9,0,0,0,9,0,0,0,3,1,0,3,0,0,1,0,0,47,11,0,2,1,2,1,2,5,0,4,2,0,0,0,87,1,0
/work/Papiere/finegrained-traceability/datasets/eTour/code/ControlData.java,unisa.gps.etour.util.ControlData,class,14,70,1,17,169,0.0058479533,0.0058479533,19,19,19,0,0,0,19,0,0,0,3,3,1,2,0,0,3,0,0,135,38,3,25,0,12,12,8,28,4,19,4,0,0,0,127,1,0
/work/Papiere/finegrained-traceability/datasets/eTour/code/ControllDataAdvertisement.java,com.trapan.spg.control.AdvertisementManager.ControllDataAdvertisement,class,2,7,1,8,1,0.0,0.0,2,2,2,0,0,0,2,0,0,0,0,0,0,0,0,0,0,0,0,23,2,0,7,0,3,2,3,9,0,5,2,0,0,0,60,1,0
/work/Papiere/finegrained-traceability/datasets/eTour/code/ControlServerLauncher.java,unisa.gps.etour.control.ControlServerLauncher,class,2,2,1,5,0,NaN,NaN,1,1,1,0,0,0,1,0,0,0,0,0,0,0,0,0,0,0,2,13,0,0,0,1,0,2,1,3,1,3,1,0,0,0,44,1,0
/work/Papiere/finegrained-traceability/datasets/eTour/code/CulturalHeritage.java,unisa.gps.etour.gui.operatoragency.CulturalHeritage$Anonymous7,anonymous,0,4,1,2,0,NaN,NaN,1,0,1,0,0,0,1,0,0,0,0,0,0,0,0,0,0,0,0,14,0,0,3,0,0,0,0,1,0,1,1,0,0,0,6,-1,0
/work/Papiere/finegrained-traceability/datasets/eTour/code/CulturalHeritage.java,unisa.gps.etour.gui.operatoragency.CulturalHeritage$Anonymous6,anonymous,0,2,1,2,0,NaN,NaN,1,0,1,0,0,0,1,0,0,0,0,0,0,0,0,0,0,0,0,14,0,0,1,0,0,0,1,0,0,0,1,0,0,0,8,-1,0
/work/Papiere/finegrained-traceability/datasets/eTour/code/CulturalHeritage.java,unisa.gps.etour.gui.operatoragency.CulturalHeritage$Anonymous8,anonymous,0,1,1,2,0,NaN,NaN,1,0,1,0,0,0,1,0,0,0,0,0,0,0,0,0,0,0,0,6,0,0,0,0,0,1,0,0,0,0,0,0,0,0,5,-1,0
/work/Papiere/finegrained-traceability/datasets/eTour/code/CulturalHeritage.java,unisa.gps.etour.gui.operatoragency.CulturalHeritage$Anonymous3,anonymous,3,2,1,7,0,NaN,NaN,1,0,1,0,0,0,1,0,0,0,0,0,0,0,0,0,0,0,1,15,0,0,0,1,0,7,0,5,2,4,1,0,0,0,48,-1,0
/work/Papiere/finegrained-traceability/datasets/eTour/code/CulturalHeritage.java,unisa.gps.etour.gui.operatoragency.CulturalHeritage$Anonymous2,anonymous,1,1,1,1,0,NaN,NaN,1,0,1,0,0,0,1,0,0,0,0,0,0,0,0,0,0,0,0,5,0,0,0,0,0,0,0,0,0,0,0,0,0,0,7,-1,0
/work/Papiere/finegrained-traceability/datasets/eTour/code/CulturalHeritage.java,unisa.gps.etour.gui.operatoragency.CulturalHeritage$Anonymous5,anonymous,2,3,1,13,0,NaN,NaN,1,0,1,0,0,0,1,0,0,0,0,0,0,0,0,0,0,0,3,29,0,0,1,1,0,21,4,10,7,10,2,0,0,0,61,-1,0
/work/Papiere/finegrained-traceability/datasets/eTour/code/CulturalHeritage.java,unisa.gps.etour.gui.operatoragency.CulturalHeritage$Anonymous4,anonymous,3,2,1,7,0,NaN,NaN,1,0,1,0,0,0,1,0,0,0,0,0,0,0,0,0,0,0,1,15,0,0,0,1,0,7,0,5,2,4,1,0,0,0,48,-1,0
/work/Papiere/finegrained-traceability/datasets/eTour/code/CulturalHeritage.java,unisa.gps.etour.gui.operatoragency.CulturalHeritage$Anonymous1,anonymous,5,5,1,17,1,0.0,0.0,2,0,2,0,0,0,2,0,0,0,0,0,0,0,0,0,0,0,3,38,0,1,1,1,0,21,3,15,3,10,2,0,0,0,94,-1,0
/work/Papiere/finegrained-traceability/datasets/eTour/code/CulturalHeritage.java,unisa.gps.etour.gui.operatoragency.CulturalHeritage,class,15,40,5,81,79,0.33333334,0.33333334,19,0,1,16,2,0,3,0,0,0,24,0,0,23,1,0,0,0,12,452,13,2,15,3,0,41,88,72,11,33,3,8,0,0,231,1,0
/work/Papiere/finegrained-traceability/datasets/eTour/code/CulturalHeritageAgencyManager.java,unisa.gps.etour.control.CulturalHeritageManager.CulturalHeritageAgencyManager,class,7,33,2,10,21,0.0,0.0,7,0,7,0,0,0,7,0,0,0,0,0,0,0,0,0,0,0,5,104,8,2,2,8,8,0,2,6,0,3,3,0,0,0,58,1,0
/work/Papiere/finegrained-traceability/datasets/eTour/code/CulturalHeritageChecker.java,unisa.gps.etour.control.CulturalHeritageManager.CulturalHeritageChecker,class,2,27,1,16,6,0.0,0.0,4,4,4,0,0,0,4,0,0,0,0,0,0,0,0,0,0,0,3,21,11,0,16,0,4,0,3,0,0,0,1,0,0,0,93,1,0
/work/Papiere/finegrained-traceability/datasets/eTour/code/CulturalHeritageCommonManager.java,unisa.gps.etour.control.CulturalHeritageManager.CulturalHeritageCommonManager,class,15,31,1,21,0,0.53333336,1.0,6,0,6,0,0,0,6,0,0,0,4,0,0,0,4,0,0,0,8,114,6,3,1,7,1,0,7,14,4,11,3,0,0,0,68,1,0
/work/Papiere/finegrained-traceability/datasets/eTour/code/CulturalHeritageVisitChecker.java,unisa.gps.etour.control.CulturalHeritageManager.CulturalHeritageVisitChecker,class,2,12,1,7,1,0.0,0.0,2,2,2,0,0,0,2,0,0,0,0,0,0,0,0,0,0,0,1,14,8,0,3,0,5,0,5,0,0,0,1,0,0,0,50,1,0
/work/Papiere/finegrained-traceability/datasets/eTour/code/DBAgencyOperator.java,unisa.gps.etour.repository.DBAgencyOperator,class,3,9,1,17,1,0.0,0.0,2,0,2,0,0,0,2,0,0,0,0,0,0,0,0,0,0,0,4,53,2,0,6,2,1,10,1,15,3,9,2,0,0,0,39,1,0
/work/Papiere/finegrained-traceability/datasets/eTour/code/DBBanner.java,unisa.gps.etour.control.AdvertisementManager.test.stubs.DBBanner,class,2,13,1,1,0,0.6666667,0.6666667,6,1,6,0,0,0,6,0,0,0,1,1,0,1,0,0,0,0,0,52,9,0,7,0,0,5,18,3,0,2,1,0,0,0,32,1,0
/work/Papiere/finegrained-traceability/datasets/eTour/code/DBConnectionPool.java,unisa.gps.etour.repository.DBConnectionPool,class,1,8,1,11,1,0.0,0.0,3,3,2,1,0,0,3,0,0,1,3,3,0,3,0,0,2,0,5,38,2,0,0,2,0,2,2,9,0,5,3,0,0,0,55,1,0
/work/Papiere/finegrained-traceability/datasets/eTour/code/DBConvention.java,unisa.gps.etour.repository.DBConvention,class,3,9,1,7,19,0.04761905,0.04761905,7,1,7,0,0,0,7,0,0,0,1,1,0,1,0,0,0,0,0,41,8,0,2,0,0,0,8,3,0,2,1,0,0,0,39,1,0
/work/Papiere/finegrained-traceability/datasets/eTour/code/DBCulturalHeritage.java,unisa.gps.etour.repository.DBCulturalHeritage,class,4,16,1,6,15,0.33333334,0.33333334,10,0,10,0,0,0,10,0,0,0,1,0,0,1,0,0,0,0,0,45,10,3,3,0,1,0,6,9,0,7,2,0,0,0,34,1,0
/work/Papiere/finegrained-traceability/datasets/eTour/code/DBDish.java,unisa.gps.etour.repository.DBDish,class,3,18,1,15,10,0.0,0.0,5,0,5,0,0,0,5,0,0,0,0,0,0,0,0,0,0,0,8,88,4,1,12,4,3,15,3,26,5,17,2,0,0,0,45,1,0
/work/Papiere/finegrained-traceability/datasets/eTour/code/DBGenericPreference.java,unisa.gps.etour.repository.DBGenericPreference,class,3,18,1,20,10,0.0,0.0,5,0,5,0,0,0,5,0,0,0,0,0,0,0,0,0,0,0,8,93,4,0,12,4,3,19,3,27,6,17,2,0,0,0,44,1,0
/work/Papiere/finegrained-traceability/datasets/eTour/code/DBLocationStatistic.java,unisa.gps.etour.repository.DBLocationStatistic,class,2,12,1,10,3,0.0,0.0,3,0,3,0,0,0,3,0,0,0,0,0,0,0,0,0,0,0,4,64,2,1,6,2,1,10,3,21,5,11,2,0,0,0,46,1,0
/work/Papiere/finegrained-traceability/datasets/eTour/code/DBMenu.java,unisa.gps.etour.repository.DBMenu,class,3,23,1,14,15,0.0,0.0,6,0,6,0,0,0,6,0,0,0,0,0,0,0,0,0,0,0,10,115,5,1,15,5,3,17,3,35,6,22,2,0,0,0,50,1,0
/work/Papiere/finegrained-traceability/datasets/eTour/code/DBNews.java,unisa.gps.etour.control.AdvertisementManager.test.stubs.DBNews,class,2,10,1,1,0,0.6,0.6,5,1,5,0,0,0,5,0,0,0,1,1,0,1,0,0,0,0,0,39,7,1,4,0,0,0,6,4,0,3,2,0,0,0,40,1,0
/work/Papiere/finegrained-traceability/datasets/eTour/code/DBRefreshmentPoint.java,unisa.gps.etour.repository.DBRefreshmentPoint,class,5,63,1,37,45,0.0,0.0,10,0,10,0,0,0,10,0,0,0,0,0,0,0,0,0,0,0,18,320,10,3,31,9,7,255,47,115,46,61,3,0,0,0,91,1,0
/work/Papiere/finegrained-traceability/datasets/eTour/code/DBRefreshmentPointOperator.java,unisa.gps.etour.repository.DBRefreshmentPointOperator,class,3,21,1,17,10,0.0,0.0,5,0,5,0,0,0,5,0,0,0,0,0,0,0,0,0,0,0,8,106,5,1,14,4,3,26,5,31,7,20,2,0,0,0,59,1,0
/work/Papiere/finegrained-traceability/datasets/eTour/code/DBSearchPreference.java,unisa.gps.etour.repository.DBSearchPreference,class,3,53,1,13,78,0.0,0.0,13,0,13,0,0,0,13,0,0,0,0,0,0,0,0,0,0,0,24,267,12,4,36,12,8,34,8,80,11,52,2,0,0,0,55,1,0
/work/Papiere/finegrained-traceability/datasets/eTour/code/DBTag.java,unisa.gps.etour.repository.DBTag,class,2,12,1,0,66,0.0,0.0,12,0,12,0,0,0,12,0,0,0,1,0,0,1,0,0,0,0,0,39,11,0,0,0,0,0,1,1,0,1,0,0,0,0,27,1,0
/work/Papiere/finegrained-traceability/datasets/eTour/code/DBTourist.java,unisa.gps.etour.repository.DBTourist,class,2,11,1,0,55,0.0,0.0,11,0,11,0,0,0,11,0,0,0,0,0,0,0,0,0,0,0,0,35,11,0,0,0,1,11,1,0,0,0,0,0,0,0,29,1,0
/work/Papiere/finegrained-traceability/datasets/eTour/code/DBVisitBC.java,unisa.gps.etour.repository.DBVisitBC,class,2,5,1,2,10,0.0,0.0,5,0,5,0,0,0,5,0,0,0,0,0,0,0,0,0,0,0,0,30,5,0,0,0,1,12,39,1,3,1,0,0,0,0,32,1,0
/work/Papiere/finegrained-traceability/datasets/eTour/code/DBVisitPR.java,unisa.gps.etour.repository.DBVisitPR,class,3,26,1,19,15,0.0,0.0,6,0,6,0,0,0,6,0,0,0,0,0,0,0,0,0,0,0,10,145,5,2,16,5,4,38,4,52,12,33,2,0,0,0,59,1,0
/work/Papiere/finegrained-traceability/datasets/eTour/code/DeskManager.java,unisa.gps.etour.gui.DeskManager$Anonymous1,anonymous,1,4,1,5,0,NaN,NaN,1,0,1,0,0,0,1,0,0,0,0,0,0,0,0,0,0,0,0,7,0,0,3,0,0,0,0,0,0,0,1,0,0,0,14,-1,0
/work/Papiere/finegrained-traceability/datasets/eTour/code/DeskManager.java,unisa.gps.etour.gui.DeskManager,class,2,67,2,56,45,0.25274727,0.30769232,14,0,14,0,0,0,14,0,0,0,8,1,1,7,0,0,1,0,0,287,0,7,14,6,4,19,50,76,42,44,4,1,0,0,190,1,0
/work/Papiere/finegrained-traceability/datasets/eTour/code/ErrorMessage.java,unisa.gps.etour.util.ErrorMessage,class,0,0,1,0,0,-1.0,-1.0,0,0,0,0,0,0,0,0,0,0,7,7,7,0,0,0,7,0,0,9,0,0,0,0,0,7,0,7,0,7,0,0,0,0,31,1,0
/work/Papiere/finegrained-traceability/datasets/eTour/code/FeedBackTableModel.java,unisa.gps.etour.gui.operatoragency.tables.FeedBackTableModel,class,4,38,2,27,33,0.30769232,0.30769232,14,0,14,0,0,0,14,0,0,0,4,3,0,4,0,0,3,0,0,107,9,1,7,0,0,15,28,25,0,10,2,0,0,0,142,1,0
/work/Papiere/finegrained-traceability/datasets/eTour/code/Fuzzy.java,unisa.gps.etour.control.fuzzy.Fuzzy,class,4,46,1,43,91,0.0,0.0,14,14,2,12,0,0,2,0,0,0,0,0,0,0,0,0,0,0,14,213,16,12,3,5,20,26,64,83,23,48,5,0,0,0,198,1,0
/work/Papiere/finegrained-traceability/datasets/eTour/code/GlobalConstants.java,unisa.gps.etour.util.GlobalConstants,class,0,0,1,0,0,-1.0,-1.0,0,0,0,0,0,0,0,0,0,0,6,6,6,0,0,0,6,0,0,8,0,0,0,0,0,3,4,6,1,6,0,0,0,0,52,1,0
/work/Papiere/finegrained-traceability/datasets/eTour/code/HelpManager.java,unisa.gps.etour.gui.HelpManager,class,0,3,2,14,0,1.0,1.0,2,0,2,0,0,0,2,0,0,0,3,0,0,3,0,0,0,0,0,25,0,1,0,0,0,1,0,9,0,8,1,0,0,0,72,1,0
/work/Papiere/finegrained-traceability/datasets/eTour/code/IAdvertisementAgencyManager.java,unisa.gps.etour.control.AdvertisementManager.IAdvertisementAgencyManager,interface,2,4,1,0,6,0.0,0.0,4,0,4,0,0,0,4,0,0,0,0,0,0,0,0,0,0,0,0,6,0,0,0,0,0,0,0,0,0,0,0,0,0,0,35,1,0
/work/Papiere/finegrained-traceability/datasets/eTour/code/IAdvertisementManager.java,unisa.gps.etour.control.AdvertisementManager.IAdvertisementManager,interface,1,4,1,0,6,0.0,0.0,4,0,4,0,0,0,4,0,0,0,0,0,0,0,0,0,0,0,0,6,0,0,0,0,0,0,0,0,0,0,0,0,0,0,50,1,0
/work/Papiere/finegrained-traceability/datasets/eTour/code/IAdvertisementRefreshmentPointManager.java,unisa.gps.etour.control.AdvertisementManager.IAdvertisementRefreshmentPointManager,interface,1,0,1,0,0,-1.0,-1.0,0,0,0,0,0,0,0,0,0,0,0,0,0,0,0,0,0,0,0,2,0,0,0,0,0,0,0,0,0,0,0,0,0,0,13,1,0
/work/Papiere/finegrained-traceability/datasets/eTour/code/IAuthentication.java,unisa.gps.etour.control.RegisteredUserManager.IAuthentication,interface,0,1,1,0,0,NaN,NaN,1,0,1,0,0,0,1,0,0,0,2,2,2,0,0,0,2,0,0,5,0,0,0,0,0,0,2,2,0,2,0,0,0,0,53,1,0
/work/Papiere/finegrained-traceability/datasets/eTour/code/ICulturalHeritageAgencyManager.java,unisa.gps.etour.control.CulturalHeritageManager.ICulturalHeritageAgencyManager,interface,2,6,1,0,15,0.0,0.0,6,0,6,0,0,0,6,0,0,0,0,0,0,0,0,0,0,0,0,8,0,0,0,0,0,0,0,0,0,0,0,0,0,0,82,1,0
/work/Papiere/finegrained-traceability/datasets/eTour/code/ICulturalHeritageCommonManager.java,unisa.gps.etour.control.CulturalHeritageManager.ICulturalHeritageCommonManager,interface,3,5,1,0,10,0.0,0.0,5,0,5,0,0,0,5,0,0,0,0,0,0,0,0,0,0,0,0,7,0,0,0,0,0,0,0,0,0,0,0,0,0,0,85,1,0
/work/Papiere/finegrained-traceability/datasets/eTour/code/IDBAgencyOperator.java,unisa.gps.etour.repository.IDBAgencyOperator,interface,1,2,1,0,1,0.0,0.0,2,0,2,0,0,0,2,0,0,0,0,0,0,0,0,0,0,0,0,4,0,0,0,0,0,0,0,0,0,0,0,0,0,0,36,1,0
/work/Papiere/finegrained-traceability/datasets/eTour/code/IDBBanner.java,unisa.gps.etour.repository.IDBBanner,interface,1,5,1,0,10,0.0,0.0,5,0,5,0,0,0,5,0,0,0,0,0,0,0,0,0,0,0,0,7,0,0,0,0,0,0,0,0,0,0,0,0,0,0,66,1,0
/work/Papiere/finegrained-traceability/datasets/eTour/code/IDBConvention.java,unisa.gps.etour.repository.IDBConvention,interface,2,6,1,0,15,0.0,0.0,6,0,6,0,0,0,6,0,0,0,0,0,0,0,0,0,0,0,0,8,0,0,0,0,0,0,0,0,0,0,0,0,0,0,68,1,0
/work/Papiere/finegrained-traceability/datasets/eTour/code/IDBCulturalHeritage.java,unisa.gps.etour.repository.IDBCulturalHeritage,interface,3,9,1,0,36,0.0,0.0,9,0,9,0,0,0,9,0,0,0,0,0,0,0,0,0,0,0,0,11,0,0,0,0,0,0,0,0,0,0,0,0,0,0,148,1,0
/work/Papiere/finegrained-traceability/datasets/eTour/code/IDBDish.java,unisa.gps.etour.repository.IDBDish,interface,1,4,1,0,6,0.0,0.0,4,0,4,0,0,0,4,0,0,0,0,0,0,0,0,0,0,0,0,6,0,0,0,0,0,0,0,0,0,0,0,0,0,0,50,1,0
/work/Papiere/finegrained-traceability/datasets/eTour/code/IDBGenericPreference.java,unisa.gps.etour.repository.IDBGenericPreference,interface,1,4,1,0,6,0.0,0.0,4,0,4,0,0,0,4,0,0,0,0,0,0,0,0,0,0,0,0,6,0,0,0,0,0,0,0,0,0,0,0,0,0,0,45,1,0
/work/Papiere/finegrained-traceability/datasets/eTour/code/IDBMenu.java,unisa.gps.etour.repository.IDBMenu,interface,1,5,1,0,10,0.0,0.0,5,0,5,0,0,0,5,0,0,0,0,0,0,0,0,0,0,0,0,7,0,0,0,0,0,0,0,0,0,0,0,0,0,0,57,1,0
/work/Papiere/finegrained-traceability/datasets/eTour/code/IDBNews.java,unisa.gps.etour.repository.IDBNews,interface,1,4,1,0,6,0.0,0.0,4,0,4,0,0,0,4,0,0,0,0,0,0,0,0,0,0,0,0,6,0,0,0,0,0,0,0,0,0,0,0,0,0,0,45,1,0
/work/Papiere/finegrained-traceability/datasets/eTour/code/IDBRefreshmentPoint.java,unisa.gps.etour.repository.IDBRefreshmentPoint,interface,3,9,1,0,36,0.0,0.0,9,0,9,0,0,0,9,0,0,0,0,0,0,0,0,0,0,0,0,11,0,0,0,0,0,0,0,0,0,0,0,0,0,0,150,1,0
/work/Papiere/finegrained-traceability/datasets/eTour/code/IDBRefreshmentPointOperator.java,unisa.gps.etour.repository.IDBRefreshmentPointOperator,interface,1,4,1,0,6,0.0,0.0,4,0,4,0,0,0,4,0,0,0,0,0,0,0,0,0,0,0,0,6,0,0,0,0,0,0,0,0,0,0,0,0,0,0,46,1,0
/work/Papiere/finegrained-traceability/datasets/eTour/code/IDBSearchPreference.java,unisa.gps.etour.repository.IDBSearchPreference,interface,1,12,1,0,66,0.0,0.0,12,0,12,0,0,0,12,0,0,0,0,0,0,0,0,0,0,0,0,14,0,0,0,0,0,0,0,0,0,0,0,0,0,0,62,1,0
/work/Papiere/finegrained-traceability/datasets/eTour/code/IDBTag.java,unisa.gps.etour.repository.IDBTag,interface,1,11,1,0,55,0.0,0.0,11,0,11,0,0,0,11,0,0,0,0,0,0,0,0,0,0,0,0,13,0,0,0,0,0,0,0,0,0,0,0,0,0,0,55,1,0
/work/Papiere/finegrained-traceability/datasets/eTour/code/IDBTourist.java,unisa.gps.etour.repository.IDBTourist,interface,1,13,1,0,78,0.0,0.0,13,0,13,0,0,0,13,0,0,0,0,0,0,0,0,0,0,0,0,15,0,0,0,0,0,0,0,0,0,0,0,0,0,0,94,1,0
/work/Papiere/finegrained-traceability/datasets/eTour/code/IDBVisitBC.java,unisa.gps.etour.repository.IDBVisitBC,interface,1,5,1,0,10,0.0,0.0,5,0,5,0,0,0,5,0,0,0,0,0,0,0,0,0,0,0,0,7,0,0,0,0,0,0,0,0,0,0,0,0,0,0,52,1,0
/work/Papiere/finegrained-traceability/datasets/eTour/code/IDBVisitPR.java,unisa.gps.etour.repository.IDBVisitPR,interface,1,5,1,0,10,0.0,0.0,5,0,5,0,0,0,5,0,0,0,0,0,0,0,0,0,0,0,0,7,0,0,0,0,0,0,0,0,0,0,0,0,0,0,51,1,0
/work/Papiere/finegrained-traceability/datasets/eTour/code/IRefreshmentPointAgencyManager.java,unisa.gps.etour.control.RefreshmentPointManager.IRefreshmentPointAgencyManager,interface,4,9,1,0,36,0.0,0.0,9,0,9,0,0,0,9,0,0,0,0,0,0,0,0,0,0,0,0,11,0,0,0,0,0,0,0,0,0,0,0,0,0,0,113,1,0
/work/Papiere/finegrained-traceability/datasets/eTour/code/IRefreshmentPointCommonManager.java,unisa.gps.etour.control.RefreshmentPointManager.IRefreshmentPointCommonManager,interface,3,5,1,0,10,0.0,0.0,5,0,5,0,0,0,5,0,0,0,0,0,0,0,0,0,0,0,0,7,0,0,0,0,0,0,0,0,0,0,0,0,0,0,97,1,0
/work/Papiere/finegrained-traceability/datasets/eTour/code/ISearch.java,unisa.gps.etour.control.SearchManager.ISearch,interface,4,5,1,0,10,0.0,0.0,5,0,5,0,0,0,5,0,0,0,2,2,2,0,0,0,2,0,0,9,0,0,0,0,0,0,2,2,0,2,0,0,0,0,109,1,0
/work/Papiere/finegrained-traceability/datasets/eTour/code/ITagAgencyOperatorManager.java,unisa.gps.etour.control.TagManager.ITagAgencyOperatorManager,interface,2,4,1,0,6,0.0,0.0,4,0,4,0,0,0,4,0,0,0,0,0,0,0,0,0,0,0,0,6,0,0,0,0,0,0,0,0,0,0,0,0,0,0,49,1,0
/work/Papiere/finegrained-traceability/datasets/eTour/code/ITagCommonManager.java,unisa.gps.etour.control.TagManager.ITagCommonManager,interface,1,1,1,0,0,NaN,NaN,1,0,1,0,0,0,1,0,0,0,0,0,0,0,0,0,0,0,0,3,0,0,0,0,0,0,0,0,0,0,0,0,0,0,38,1,0
/work/Papiere/finegrained-traceability/datasets/eTour/code/ITouristAgencyManager.java,unisa.gps.etour.control.RegisteredUserManager.ITouristAgencyManager,interface,4,7,1,0,21,0.0,0.0,7,0,7,0,0,0,7,0,0,0,0,0,0,0,0,0,0,0,0,9,0,0,0,0,0,0,0,0,0,0,0,0,0,0,71,1,0
/work/Papiere/finegrained-traceability/datasets/eTour/code/ITouristClientManager.java,unisa.gps.etour.control.RegisteredUserManager.ITouristClientManager,interface,8,18,1,0,153,0.0,0.0,18,0,18,0,0,0,18,0,0,0,0,0,0,0,0,0,0,0,0,20,0,0,0,0,0,0,0,0,0,0,0,0,0,0,122,1,0
/work/Papiere/finegrained-traceability/datasets/eTour/code/LimitedDocument.java,unisa.gps.etour.gui.operatoragency.documents.LimitedDocument,class,0,5,3,5,0,1.0,1.0,2,0,2,0,0,0,2,0,0,0,2,1,0,2,0,0,1,0,0,21,1,0,1,0,0,0,4,3,2,3,2,0,0,0,25,1,0
/work/Papiere/finegrained-traceability/datasets/eTour/code/ListCategory.java,unisa.gps.etour.control.fuzzy.ListCategory,class,3,21,1,10,14,0.41025642,0.71794873,13,0,13,0,0,0,13,0,0,0,4,1,0,3,0,1,1,0,0,78,17,1,1,2,0,0,1,6,0,6,2,0,0,0,110,1,0
/work/Papiere/finegrained-traceability/datasets/eTour/code/News.java,unisa.gps.etour.gui.operatoragency.News$Anonymous3,anonymous,2,3,1,13,0,NaN,NaN,1,0,1,0,0,0,1,0,0,0,0,0,0,0,0,0,0,0,3,27,0,0,1,1,0,18,2,8,5,8,2,0,0,0,65,-1,0
/work/Papiere/finegrained-traceability/datasets/eTour/code/News.java,unisa.gps.etour.gui.operatoragency.News$Anonymous2,anonymous,0,3,1,20,0,NaN,NaN,1,0,1,0,0,0,1,0,0,0,0,0,0,0,0,0,0,0,2,27,0,0,1,1,0,7,16,6,5,5,1,0,0,0,28,-1,0
/work/Papiere/finegrained-traceability/datasets/eTour/code/News.java,unisa.gps.etour.gui.operatoragency.News$Anonymous5,anonymous,1,1,1,1,0,NaN,NaN,1,0,1,0,0,0,1,0,0,0,0,0,0,0,0,0,0,0,0,5,0,0,0,0,0,0,0,0,0,0,0,0,0,0,7,-1,0
/work/Papiere/finegrained-traceability/datasets/eTour/code/News.java,unisa.gps.etour.gui.operatoragency.News$Anonymous4,anonymous,3,7,1,21,0,NaN,NaN,1,0,1,0,0,0,1,0,0,0,0,0,0,0,0,0,0,0,6,54,1,0,3,2,0,32,5,14,12,14,3,0,0,0,82,-1,0
/work/Papiere/finegrained-traceability/datasets/eTour/code/News.java,unisa.gps.etour.gui.operatoragency.News$Anonymous7,anonymous,0,4,1,2,0,NaN,NaN,1,0,1,0,0,0,1,0,0,0,0,0,0,0,0,0,0,0,0,11,0,0,3,0,2,0,0,1,0,1,1,0,0,0,6,-1,0
/work/Papiere/finegrained-traceability/datasets/eTour/code/News.java,unisa.gps.etour.gui.operatoragency.News,class,10,30,5,82,17,NaN,NaN,15,0,1,14,0,0,1,0,0,0,22,0,0,20,2,0,0,0,13,454,12,1,12,2,0,48,87,74,11,31,2,8,0,0,185,1,0
/work/Papiere/finegrained-traceability/datasets/eTour/code/News.java,unisa.gps.etour.gui.operatoragency.News$Anonymous6,anonymous,0,3,1,2,0,NaN,NaN,1,0,1,0,0,0,1,0,0,0,0,0,0,0,0,0,0,0,0,7,0,0,2,0,2,0,2,1,0,1,0,0,0,0,10,-1,0
/work/Papiere/finegrained-traceability/datasets/eTour/code/News.java,unisa.gps.etour.gui.operatoragency.News$Anonymous8,anonymous,0,9,1,8,1,0.0,0.0,2,0,2,0,0,0,2,0,0,0,0,0,0,0,0,0,0,0,3,20,0,0,4,0,3,2,6,4,6,4,2,0,0,0,9,-1,0
/work/Papiere/finegrained-traceability/datasets/eTour/code/News.java,unisa.gps.etour.gui.operatoragency.News$Anonymous1,anonymous,3,2,1,10,0,NaN,NaN,1,0,1,0,0,0,1,0,0,0,0,0,0,0,0,0,0,0,2,18,0,0,0,1,0,12,0,7,2,4,1,0,0,0,61,-1,0
/work/Papiere/finegrained-traceability/datasets/eTour/code/NewsTableModelTest.java,unisa.gps.etour.gui.operatoragency.tables.test.NewsTableModelTest,class,3,20,1,13,65,0.14285715,0.14285715,14,0,13,0,1,0,14,0,0,0,3,0,0,3,0,0,0,0,0,86,0,2,0,4,0,7,28,8,1,6,1,0,0,0,45,1,0
/work/Papiere/finegrained-traceability/datasets/eTour/code/OperatorAgency.java,beans.OperatorAgency,class,0,22,1,0,171,0.12987013,0.90909094,22,0,22,0,0,0,22,0,0,0,10,0,0,10,0,0,0,0,0,86,10,0,0,0,0,0,0,20,0,10,0,0,0,0,33,1,0
/work/Papiere/finegrained-traceability/datasets/eTour/code/Point3D.java,unisa.gps.etour.util.Point3D,class,1,10,1,8,1,0.4888889,0.8,10,1,10,0,0,0,10,0,0,0,2,0,0,1,0,1,1,0,16,44,5,0,0,0,1,0,6,15,15,9,0,0,0,0,83,1,0
/work/Papiere/finegrained-traceability/datasets/eTour/code/Point3DRenderer.java,unisa.gps.etour.gui.operatoragency.tables.Point3DRenderer,class,1,3,1,7,0,NaN,NaN,1,0,1,0,0,0,1,0,0,0,0,0,0,0,0,0,0,0,0,15,1,0,0,0,1,3,0,3,1,3,1,0,0,0,50,1,0
/work/Papiere/finegrained-traceability/datasets/eTour/code/PriorityRenderer.java,unisa.gps.etour.gui.operatoragency.tables.PriorityRenderer,class,1,6,5,12,1,0.0,0.0,2,0,2,0,0,0,2,0,0,0,0,0,0,0,0,0,0,0,0,28,1,0,0,0,1,2,6,1,0,1,1,0,0,0,68,1,0
/work/Papiere/finegrained-traceability/datasets/eTour/code/PRNode.java,unisa.gps.etour.gui.operatoragency.tables.PRNode,class,0,10,2,3,9,0.2,0.2,6,0,6,0,0,0,6,0,0,0,1,0,0,1,0,0,0,0,0,29,2,0,2,0,0,4,0,2,0,1,1,0,0,0,55,1,0
/work/Papiere/finegrained-traceability/datasets/eTour/code/RefreshmentPoint.java,unisa.gps.etour.gui.operatoragency.RefreshmentPoint,class,8,36,5,63,153,NaN,NaN,18,0,1,17,0,0,1,0,0,0,24,0,0,24,0,0,0,0,4,327,16,1,17,0,0,48,157,100,0,37,3,4,0,0,128,1,0
/work/Papiere/finegrained-traceability/datasets/eTour/code/RefreshmentPoint.java,unisa.gps.etour.gui.operatoragency.RefreshmentPoint$Anonymous1,anonymous,0,1,1,0,0,NaN,NaN,1,0,1,0,0,0,1,0,0,0,0,0,0,0,0,0,0,0,0,4,0,0,0,0,0,0,0,0,0,0,0,0,0,0,5,-1,0
/work/Papiere/finegrained-traceability/datasets/eTour/code/RefreshmentPoint.java,unisa.gps.etour.gui.operatoragency.RefreshmentPoint$Anonymous2,anonymous,0,1,1,1,0,NaN,NaN,1,0,1,0,0,0,1,0,0,0,0,0,0,0,0,0,0,0,0,8,0,0,0,0,0,0,0,0,0,0,0,0,0,0,7,-1,0
/work/Papiere/finegrained-traceability/datasets/eTour/code/RefreshmentPoint.java,unisa.gps.etour.gui.operatoragency.RefreshmentPoint$Anonymous3,anonymous,0,3,1,1,3,0.0,0.0,3,0,3,0,0,0,3,0,0,0,0,0,0,0,0,0,0,0,0,11,0,0,0,0,0,3,0,0,0,0,0,0,0,0,7,-1,0
/work/Papiere/finegrained-traceability/datasets/eTour/code/RefreshmentPoint.java,unisa.gps.etour.gui.operatoragency.RefreshmentPoint$Anonymous4,anonymous,0,1,1,0,0,NaN,NaN,1,0,1,0,0,0,1,0,0,0,0,0,0,0,0,0,0,0,0,4,0,0,0,0,0,0,0,0,0,0,0,0,0,0,3,-1,0
/work/Papiere/finegrained-traceability/datasets/eTour/code/RefreshmentPointAgencyManager.java,unisa.gps.etour.control.RefreshmentPointManager.RefreshmentPointAgencyManager,class,14,72,2,29,55,0.0,0.0,11,0,11,0,0,0,11,0,0,0,1,1,0,1,0,0,1,0,0,234,17,5,12,13,13,24,11,32,24,21,4,0,0,0,64,1,0
/work/Papiere/finegrained-traceability/datasets/eTour/code/RefreshmentPointCommonManager.java,unisa.gps.etour.control.RefreshmentPointManager.RefreshmentPointCommonManager,class,11,33,1,23,0,0.53333336,1.0,6,0,6,0,0,0,6,0,0,0,5,1,0,1,4,0,1,0,2,131,5,3,4,7,5,15,17,22,21,17,3,0,0,0,71,1,0
/work/Papiere/finegrained-traceability/datasets/eTour/code/ReportStatistic.java,unisa.gps.etour.gui.operatoragency.ReportStatistic,class,5,43,5,54,129,0.0,0.0,22,0,2,20,0,0,2,0,0,0,44,1,0,44,0,0,1,0,6,444,19,2,19,0,0,63,252,221,0,80,1,0,0,0,174,1,0
/work/Papiere/finegrained-traceability/datasets/eTour/code/ReportTableModel.java,unisa.gps.etour.gui.operatoragency.ReportTableModel,class,3,14,2,18,6,0.2777778,0.2777778,9,0,9,0,0,0,9,0,0,0,4,3,0,4,0,0,3,0,0,69,6,2,1,0,0,5,15,21,1,9,1,0,0,0,39,1,0
/work/Papiere/finegrained-traceability/datasets/eTour/code/ScrollableTable.java,unisa.gps.etour.gui.operatoragency.tables.ScrollableTable,class,0,11,5,3,19,0.04761905,0.04761905,7,0,7,0,0,0,7,0,0,0,1,1,0,1,0,0,1,0,0,44,7,0,3,0,4,0,7,5,9,3,1,0,0,0,40,1,0
/work/Papiere/finegrained-traceability/datasets/eTour/code/Search.java,unisa.gps.etour.control.SearchManager.Search,class,14,52,1,28,0,0.33333334,0.6666667,14,0,6,8,0,0,6,0,0,0,15,1,0,7,8,0,1,0,2,147,21,1,11,3,20,1,32,38,6,21,5,0,0,0,123,1,0
/work/Papiere/finegrained-traceability/datasets/eTour/code/SiteTableModel.java,unisa.gps.etour.gui.operatoragency.tables.SiteTableModel,class,3,9,2,5,0,0.2,0.2,6,0,6,0,0,0,6,0,0,0,4,0,0,0,0,4,0,0,0,38,5,2,0,0,0,3,9,10,1,7,2,0,0,0,43,1,0
/work/Papiere/finegrained-traceability/datasets/eTour/code/StandardSearch.java,unisa.gps.etour.control.SearchManager.StandardSearch,class,3,7,2,4,3,0.0,0.0,3,0,1,0,2,0,3,0,0,0,0,0,0,0,0,0,0,0,0,24,6,0,0,0,0,0,1,0,0,0,1,0,0,0,23,1,0
/work/Papiere/finegrained-traceability/datasets/eTour/code/Tag.java,unisa.gps.etour.gui.operatoragency.Tag,class,2,34,5,37,153,NaN,NaN,18,0,1,17,0,0,1,0,0,0,18,0,0,18,0,0,0,0,4,226,16,0,16,0,0,40,95,94,0,29,1,0,0,0,85,1,0
/work/Papiere/finegrained-traceability/datasets/eTour/code/TagAgencyOperatorManager.java,unisa.gps.etour.control.TagManager.TagAgencyOperatorManager,class,5,24,2,13,15,0.0,0.0,6,0,5,1,0,0,5,0,0,0,1,1,0,1,0,0,1,0,0,76,8,0,4,4,3,12,4,4,8,2,1,0,0,0,43,1,0
/work/Papiere/finegrained-traceability/datasets/eTour/code/TagCommonManager.java,unisa.gps.etour.control.TagManager.TagCommonManager,class,4,6,1,3,0,1.0,1.0,2,0,2,0,0,0,2,0,0,0,2,1,0,1,1,0,1,0,0,29,1,0,1,2,0,2,1,3,2,3,1,0,0,0,34,1,0
/work/Papiere/finegrained-traceability/datasets/eTour/code/TagTableModel.java,unisa.gps.etour.gui.operatoragency.TagTableModel,class,1,9,2,5,20,0.10714286,0.10714286,8,0,8,0,0,0,8,0,0,0,4,3,0,4,0,0,3,0,0,35,6,1,0,0,0,2,6,9,0,6,1,0,0,0,76,1,0
/work/Papiere/finegrained-traceability/datasets/eTour/code/TestoNewsRendererTest.java,unisa.gps.etour.gui.operatoreagenzia.tables.test.TestoNewsRendererTest,class,3,8,1,7,0,1.0,1.0,5,0,5,0,0,0,5,0,0,0,4,0,0,4,0,0,0,0,0,47,0,0,0,3,0,8,18,8,0,7,1,0,0,0,38,1,0
/work/Papiere/finegrained-traceability/datasets/eTour/code/Tourist.java,unisa.gps.etour.gui.operatoragency.Tourist$Anonymous7,anonymous,0,6,1,3,0,NaN,NaN,1,0,1,0,0,0,1,0,0,0,0,0,0,0,0,0,0,0,0,14,0,0,1,0,0,0,0,0,0,0,2,0,0,0,8,-1,0
/work/Papiere/finegrained-traceability/datasets/eTour/code/Tourist.java,unisa.gps.etour.gui.operatoragency.Tourist$Anonymous6,anonymous,1,3,1,7,0,NaN,NaN,1,0,1,0,0,0,1,0,0,0,0,0,0,0,0,0,0,0,0,25,0,0,1,0,0,4,2,1,0,1,2,0,0,0,23,-1,0
/work/Papiere/finegrained-traceability/datasets/eTour/code/Tourist.java,unisa.gps.etour.gui.operatoragency.Tourist,class,7,31,5,68,110,0.33333334,0.33333334,16,0,1,13,2,0,3,0,0,0,21,0,0,19,2,0,0,0,5,455,13,2,13,0,0,58,118,71,0,37,2,8,0,0,163,1,0
/work/Papiere/finegrained-traceability/datasets/eTour/code/Tourist.java,unisa.gps.etour.gui.operatoragency.Tourist$Anonymous8,anonymous,0,1,1,2,0,NaN,NaN,1,0,1,0,0,0,1,0,0,0,0,0,0,0,0,0,0,0,0,7,0,0,0,0,0,1,0,0,0,0,0,0,0,0,7,-1,0
/work/Papiere/finegrained-traceability/datasets/eTour/code/Tourist.java,unisa.gps.etour.gui.operatoragency.Tourist$Anonymous3,anonymous,1,1,1,3,0,NaN,NaN,1,0,1,0,0,0,1,0,0,0,0,0,0,0,0,0,0,0,0,13,0,0,0,0,0,11,7,3,0,3,0,0,0,0,13,-1,0
/work/Papiere/finegrained-traceability/datasets/eTour/code/Tourist.java,unisa.gps.etour.gui.operatoragency.Tourist$Anonymous2,anonymous,2,6,1,15,0,NaN,NaN,1,0,1,0,0,0,1,0,0,0,0,0,0,0,0,0,0,0,3,57,0,1,2,0,1,25,40,25,2,14,2,0,0,0,52,-1,0
/work/Papiere/finegrained-traceability/datasets/eTour/code/Tourist.java,unisa.gps.etour.gui.operatoragency.Tourist$Anonymous5,anonymous,1,3,1,11,0,NaN,NaN,1,0,1,0,0,0,1,0,0,0,0,0,0,0,0,0,0,0,2,24,0,0,2,0,0,16,6,8,4,8,2,0,0,0,48,-1,0
/work/Papiere/finegrained-traceability/datasets/eTour/code/Tourist.java,unisa.gps.etour.gui.operatoragency.Tourist$Anonymous4,anonymous,1,1,1,3,0,NaN,NaN,1,0,1,0,0,0,1,0,0,0,0,0,0,0,0,0,0,0,0,13,0,0,0,0,0,11,7,3,0,3,0,0,0,0,13,-1,0
/work/Papiere/finegrained-traceability/datasets/eTour/code/Tourist.java,unisa.gps.etour.gui.operatoragency.Tourist$Anonymous1,anonymous,1,4,1,12,1,0.0,0.0,2,0,2,0,0,0,2,0,0,0,0,0,0,0,0,0,0,0,1,23,0,1,1,0,0,7,3,8,0,6,2,0,0,0,51,-1,0
/work/Papiere/finegrained-traceability/datasets/eTour/code/TouristAgencyManager.java,unisa.gps.etour.control.RegisteredUserManager.TouristAgencyManager,class,10,38,2,11,24,0.071428575,0.10714286,8,0,8,0,0,0,8,0,0,0,2,0,0,2,0,0,0,0,0,134,10,0,5,8,0,15,5,8,14,8,2,0,0,0,58,1,0
/work/Papiere/finegrained-traceability/datasets/eTour/code/TouristCard.java,unisa.gps.etour.gui.operatoragency.TouristCard$Anonymous6,anonymous,0,6,1,5,0,NaN,NaN,1,0,1,0,0,0,1,0,0,0,0,0,0,0,0,0,0,0,0,15,0,0,6,0,3,1,10,3,3,3,2,0,0,0,9,-1,0
/work/Papiere/finegrained-traceability/datasets/eTour/code/TouristCard.java,unisa.gps.etour.gui.operatoragency.TouristCard$Anonymous5,anonymous,0,23,1,5,0,NaN,NaN,1,0,1,0,0,0,1,0,0,0,0,0,0,0,0,0,0,0,0,43,0,3,6,0,3,1,28,6,6,6,3,0,0,0,10,-1,0
/work/Papiere/finegrained-traceability/datasets/eTour/code/TouristCard.java,unisa.gps.etour.gui.operatoragency.TouristCard$Anonymous4,anonymous,1,1,1,1,0,NaN,NaN,1,0,1,0,0,0,1,0,0,0,0,0,0,0,0,0,0,0,0,5,0,0,0,0,0,0,0,0,0,0,0,0,0,0,8,-1,0
/work/Papiere/finegrained-traceability/datasets/eTour/code/TouristCard.java,unisa.gps.etour.gui.operatoragency.TouristCard$Anonymous3,anonymous,4,3,1,32,0,NaN,NaN,1,0,1,0,0,0,1,0,0,0,0,0,0,0,0,0,0,0,2,40,0,1,1,0,0,16,3,9,2,8,2,0,0,0,58,-1,0
/work/Papiere/finegrained-traceability/datasets/eTour/code/TouristCard.java,unisa.gps.etour.gui.operatoragency.TouristCard$Anonymous2,anonymous,1,3,1,4,0,NaN,NaN,1,0,1,0,0,0,1,0,0,0,0,0,0,0,0,0,0,0,0,8,0,0,0,0,2,0,0,0,0,0,0,0,0,0,13,-1,0
/work/Papiere/finegrained-traceability/datasets/eTour/code/TouristCard.java,unisa.gps.etour.gui.operatoragency.TouristCard$Anonymous1,anonymous,2,3,1,11,0,NaN,NaN,1,0,1,0,0,0,1,0,0,0,0,0,0,0,0,0,0,0,1,21,0,0,1,0,0,8,2,5,1,5,2,0,0,0,41,-1,0
/work/Papiere/finegrained-traceability/datasets/eTour/code/TouristCard.java,unisa.gps.etour.gui.operatoragency.TouristCard,class,4,30,5,77,33,1.0,1.0,11,0,2,9,0,0,2,0,0,0,27,1,0,27,0,0,1,0,1,384,6,7,5,0,0,37,96,62,7,46,2,6,0,0,180,1,0
/work/Papiere/finegrained-traceability/datasets/eTour/code/TouristClientManager.java,unisa.gps.etour.control.RegisteredUserManager.TouristClientManager,class,24,75,2,42,74,0.30526316,1.0,20,0,20,0,0,0,20,0,0,0,8,1,0,8,0,0,1,0,7,305,32,3,3,19,0,0,15,48,0,32,3,0,0,0,65,1,0
/work/Papiere/finegrained-traceability/datasets/eTour/code/TouristCommonManager.java,unisa.gps.etour.control.RegisteredUserManager.TouristCommonManager,class,4,13,1,4,0,1.0,1.0,3,0,3,0,0,0,3,0,0,0,1,0,0,0,1,0,0,0,0,44,3,0,2,3,3,4,1,3,4,2,2,0,0,0,38,1,0
/work/Papiere/finegrained-traceability/datasets/eTour/code/TouristTableModel.java,unisa.gps.etour.gui.operatoragency.tables.TouristTableModel,class,2,33,2,27,47,0.26666668,0.26666668,15,0,15,0,0,0,15,0,0,0,3,2,0,3,0,0,2,0,0,118,11,2,5,0,1,19,39,36,0,9,2,0,0,0,148,1,0
