file,class,method,variable,usage
/work/Papiere/finegrained-traceability/datasets/eANCI/code/AccessManager.java,Manager.AccessManager,getAccessi/0,dbAccesso,1
/work/Papiere/finegrained-traceability/datasets/eANCI/code/AccessManager.java,Manager.AccessManager,AccessManager/0,dbAccesso,1
/work/Papiere/finegrained-traceability/datasets/eANCI/code/AccessManager.java,Manager.AccessManager,inserisciAccesso/1[Bean.Accesso],dbAccesso,1
/work/Papiere/finegrained-traceability/datasets/eANCI/code/AccessManager.java,Manager.AccessManager,"controllaAccesso/2[java.lang.String,java.lang.String]",dbAccesso,1
/work/Papiere/finegrained-traceability/datasets/eANCI/code/AccessManager.java,Manager.AccessManager,controllaLogin/1[java.lang.String],dbAccesso,1
/work/Papiere/finegrained-traceability/datasets/eANCI/code/AccessManager.java,Manager.AccessManager,"modificaAccesso/2[java.lang.String,Bean.Accesso]",dbAccesso,1
/work/Papiere/finegrained-traceability/datasets/eANCI/code/AccessManager.java,Manager.AccessManager,eliminaAccesso/1[java.lang.String],dbAccesso,1
/work/Papiere/finegrained-traceability/datasets/eANCI/code/AccessManager.java,Manager.AccessManager,getAccesso/1[java.lang.String],dbAccesso,1
/work/Papiere/finegrained-traceability/datasets/eANCI/code/Accesso.java,Bean.Accesso,getPassword/0,Password,1
/work/Papiere/finegrained-traceability/datasets/eANCI/code/Accesso.java,Bean.Accesso,toString/0,Tipo,1
/work/Papiere/finegrained-traceability/datasets/eANCI/code/Accesso.java,Bean.Accesso,toString/0,Login,1
/work/Papiere/finegrained-traceability/datasets/eANCI/code/Accesso.java,Bean.Accesso,toString/0,Password,1
/work/Papiere/finegrained-traceability/datasets/eANCI/code/Accesso.java,Bean.Accesso,"Accesso/3[java.lang.String,java.lang.String,java.lang.String]",Tipo,4
/work/Papiere/finegrained-traceability/datasets/eANCI/code/Accesso.java,Bean.Accesso,"Accesso/3[java.lang.String,java.lang.String,java.lang.String]",Login,4
/work/Papiere/finegrained-traceability/datasets/eANCI/code/Accesso.java,Bean.Accesso,"Accesso/3[java.lang.String,java.lang.String,java.lang.String]",Password,4
/work/Papiere/finegrained-traceability/datasets/eANCI/code/Accesso.java,Bean.Accesso,setTipo/1[java.lang.String],Tipo,1
/work/Papiere/finegrained-traceability/datasets/eANCI/code/Accesso.java,Bean.Accesso,setLogin/1[java.lang.String],Login,1
/work/Papiere/finegrained-traceability/datasets/eANCI/code/Accesso.java,Bean.Accesso,getLogin/0,Login,1
/work/Papiere/finegrained-traceability/datasets/eANCI/code/Accesso.java,Bean.Accesso,setPassword/1[java.lang.String],Password,1
/work/Papiere/finegrained-traceability/datasets/eANCI/code/Accesso.java,Bean.Accesso,getTipo/0,Tipo,1
/work/Papiere/finegrained-traceability/datasets/eANCI/code/Accesso.java,Bean.Accesso,Accesso/0,Tipo,1
/work/Papiere/finegrained-traceability/datasets/eANCI/code/Accesso.java,Bean.Accesso,Accesso/0,Login,1
/work/Papiere/finegrained-traceability/datasets/eANCI/code/Accesso.java,Bean.Accesso,Accesso/0,Password,1
/work/Papiere/finegrained-traceability/datasets/eANCI/code/AdminManager.java,Manager.AdminManager,inserisciAdmin/1[Bean.Amministratore],dbAmministratore,1
/work/Papiere/finegrained-traceability/datasets/eANCI/code/AdminManager.java,Manager.AdminManager,getAmministratoreByLogin/1[java.lang.String],dbAmministratore,1
/work/Papiere/finegrained-traceability/datasets/eANCI/code/AdminManager.java,Manager.AdminManager,AdminManager/0,dbAmministratore,1
/work/Papiere/finegrained-traceability/datasets/eANCI/code/AdminManager.java,Manager.AdminManager,"modificaAdmin/2[java.lang.String,Bean.Amministratore]",dbAmministratore,1
/work/Papiere/finegrained-traceability/datasets/eANCI/code/AdminManager.java,Manager.AdminManager,ricercaAdminByMatricola/1[java.lang.String],dbAmministratore,1
/work/Papiere/finegrained-traceability/datasets/eANCI/code/AdminManager.java,Manager.AdminManager,eliminaAmministratore/1[java.lang.String],dbAmministratore,2
/work/Papiere/finegrained-traceability/datasets/eANCI/code/AdminManager.java,Manager.AdminManager,"getAmministratoreByName/2[java.lang.String,java.lang.String]",dbAmministratore,1
/work/Papiere/finegrained-traceability/datasets/eANCI/code/AdminManager.java,Manager.AdminManager,getAmministratori/0,dbAmministratore,1
/work/Papiere/finegrained-traceability/datasets/eANCI/code/Amministratore.java,Bean.Amministratore,"Amministratore/5[java.lang.String,java.lang.String,java.lang.String,java.lang.String,java.lang.String]",Matricola,4
/work/Papiere/finegrained-traceability/datasets/eANCI/code/Amministratore.java,Bean.Amministratore,"Amministratore/5[java.lang.String,java.lang.String,java.lang.String,java.lang.String,java.lang.String]",Email,4
/work/Papiere/finegrained-traceability/datasets/eANCI/code/Amministratore.java,Bean.Amministratore,"Amministratore/5[java.lang.String,java.lang.String,java.lang.String,java.lang.String,java.lang.String]",Login,4
/work/Papiere/finegrained-traceability/datasets/eANCI/code/Amministratore.java,Bean.Amministratore,"Amministratore/5[java.lang.String,java.lang.String,java.lang.String,java.lang.String,java.lang.String]",Nome,4
/work/Papiere/finegrained-traceability/datasets/eANCI/code/Amministratore.java,Bean.Amministratore,"Amministratore/5[java.lang.String,java.lang.String,java.lang.String,java.lang.String,java.lang.String]",Cognome,4
/work/Papiere/finegrained-traceability/datasets/eANCI/code/Amministratore.java,Bean.Amministratore,setLogin/1[java.lang.String],Login,1
/work/Papiere/finegrained-traceability/datasets/eANCI/code/Amministratore.java,Bean.Amministratore,toString/0,Matricola,1
/work/Papiere/finegrained-traceability/datasets/eANCI/code/Amministratore.java,Bean.Amministratore,toString/0,Email,1
/work/Papiere/finegrained-traceability/datasets/eANCI/code/Amministratore.java,Bean.Amministratore,toString/0,Login,1
/work/Papiere/finegrained-traceability/datasets/eANCI/code/Amministratore.java,Bean.Amministratore,toString/0,Nome,1
/work/Papiere/finegrained-traceability/datasets/eANCI/code/Amministratore.java,Bean.Amministratore,toString/0,Cognome,1
/work/Papiere/finegrained-traceability/datasets/eANCI/code/Amministratore.java,Bean.Amministratore,getEmail/0,Email,1
/work/Papiere/finegrained-traceability/datasets/eANCI/code/Amministratore.java,Bean.Amministratore,setMatricola/1[java.lang.String],Matricola,1
/work/Papiere/finegrained-traceability/datasets/eANCI/code/Amministratore.java,Bean.Amministratore,getMatricola/0,Matricola,1
/work/Papiere/finegrained-traceability/datasets/eANCI/code/Amministratore.java,Bean.Amministratore,getNome/0,Nome,1
/work/Papiere/finegrained-traceability/datasets/eANCI/code/Amministratore.java,Bean.Amministratore,getCognome/0,Cognome,1
/work/Papiere/finegrained-traceability/datasets/eANCI/code/Amministratore.java,Bean.Amministratore,setNome/1[java.lang.String],Nome,1
/work/Papiere/finegrained-traceability/datasets/eANCI/code/Amministratore.java,Bean.Amministratore,setCognome/1[java.lang.String],Cognome,1
/work/Papiere/finegrained-traceability/datasets/eANCI/code/Amministratore.java,Bean.Amministratore,Amministratore/0,Matricola,1
/work/Papiere/finegrained-traceability/datasets/eANCI/code/Amministratore.java,Bean.Amministratore,Amministratore/0,Email,1
/work/Papiere/finegrained-traceability/datasets/eANCI/code/Amministratore.java,Bean.Amministratore,Amministratore/0,Login,1
/work/Papiere/finegrained-traceability/datasets/eANCI/code/Amministratore.java,Bean.Amministratore,Amministratore/0,Nome,1
/work/Papiere/finegrained-traceability/datasets/eANCI/code/Amministratore.java,Bean.Amministratore,Amministratore/0,Cognome,1
/work/Papiere/finegrained-traceability/datasets/eANCI/code/Amministratore.java,Bean.Amministratore,setEmail/1[java.lang.String],Email,1
/work/Papiere/finegrained-traceability/datasets/eANCI/code/Amministratore.java,Bean.Amministratore,getLogin/0,Login,1
/work/Papiere/finegrained-traceability/datasets/eANCI/code/CartaIdentita.java,Bean.CartaIdentita,isValidaEspatrio/0,ValidaEspatrio,1
/work/Papiere/finegrained-traceability/datasets/eANCI/code/CartaIdentita.java,Bean.CartaIdentita,getCittadinanza/0,Cittadinanza,1
/work/Papiere/finegrained-traceability/datasets/eANCI/code/CartaIdentita.java,Bean.CartaIdentita,getProfessione/0,Professione,1
/work/Papiere/finegrained-traceability/datasets/eANCI/code/CartaIdentita.java,Bean.CartaIdentita,getDataScadenza/0,DataScadenza,1
/work/Papiere/finegrained-traceability/datasets/eANCI/code/CartaIdentita.java,Bean.CartaIdentita,setStatura/1[double],Statura,1
/work/Papiere/finegrained-traceability/datasets/eANCI/code/CartaIdentita.java,Bean.CartaIdentita,getNumCivico/0,num_civico,1
/work/Papiere/finegrained-traceability/datasets/eANCI/code/CartaIdentita.java,Bean.CartaIdentita,setValiditaEspatrio/1[boolean],ValidaEspatrio,1
/work/Papiere/finegrained-traceability/datasets/eANCI/code/CartaIdentita.java,Bean.CartaIdentita,setVia/1[java.lang.String],Via,1
/work/Papiere/finegrained-traceability/datasets/eANCI/code/CartaIdentita.java,Bean.CartaIdentita,setSegniParticolari/1[java.lang.String],SegniParticolari,1
/work/Papiere/finegrained-traceability/datasets/eANCI/code/CartaIdentita.java,Bean.CartaIdentita,setProfessione/1[java.lang.String],Professione,1
/work/Papiere/finegrained-traceability/datasets/eANCI/code/CartaIdentita.java,Bean.CartaIdentita,setOcchi/1[java.lang.String],Occhi,1
/work/Papiere/finegrained-traceability/datasets/eANCI/code/CartaIdentita.java,Bean.CartaIdentita,getVia/0,Via,1
/work/Papiere/finegrained-traceability/datasets/eANCI/code/CartaIdentita.java,Bean.CartaIdentita,getDataRilascio/0,DataRilascio,1
/work/Papiere/finegrained-traceability/datasets/eANCI/code/CartaIdentita.java,Bean.CartaIdentita,getSegniParticolari/0,SegniParticolari,1
/work/Papiere/finegrained-traceability/datasets/eANCI/code/CartaIdentita.java,Bean.CartaIdentita,setCittadinanza/1[java.lang.String],Cittadinanza,1
/work/Papiere/finegrained-traceability/datasets/eANCI/code/CartaIdentita.java,Bean.CartaIdentita,setDataRilascio/1[java.util.Date],DataRilascio,1
/work/Papiere/finegrained-traceability/datasets/eANCI/code/CartaIdentita.java,Bean.CartaIdentita,setDataScadenza/1[java.util.Date],DataScadenza,1
/work/Papiere/finegrained-traceability/datasets/eANCI/code/CartaIdentita.java,Bean.CartaIdentita,getResidenza/0,Residenza,1
/work/Papiere/finegrained-traceability/datasets/eANCI/code/CartaIdentita.java,Bean.CartaIdentita,CartaIdentita/0,Numero,1
/work/Papiere/finegrained-traceability/datasets/eANCI/code/CartaIdentita.java,Bean.CartaIdentita,CartaIdentita/0,Professione,1
/work/Papiere/finegrained-traceability/datasets/eANCI/code/CartaIdentita.java,Bean.CartaIdentita,CartaIdentita/0,DataScadenza,1
/work/Papiere/finegrained-traceability/datasets/eANCI/code/CartaIdentita.java,Bean.CartaIdentita,CartaIdentita/0,SegniParticolari,1
/work/Papiere/finegrained-traceability/datasets/eANCI/code/CartaIdentita.java,Bean.CartaIdentita,CartaIdentita/0,ValidaEspatrio,1
/work/Papiere/finegrained-traceability/datasets/eANCI/code/CartaIdentita.java,Bean.CartaIdentita,CartaIdentita/0,Residenza,1
/work/Papiere/finegrained-traceability/datasets/eANCI/code/CartaIdentita.java,Bean.CartaIdentita,CartaIdentita/0,StatoCivile,1
/work/Papiere/finegrained-traceability/datasets/eANCI/code/CartaIdentita.java,Bean.CartaIdentita,CartaIdentita/0,num_civico,1
/work/Papiere/finegrained-traceability/datasets/eANCI/code/CartaIdentita.java,Bean.CartaIdentita,CartaIdentita/0,Via,1
/work/Papiere/finegrained-traceability/datasets/eANCI/code/CartaIdentita.java,Bean.CartaIdentita,CartaIdentita/0,Statura,1
/work/Papiere/finegrained-traceability/datasets/eANCI/code/CartaIdentita.java,Bean.CartaIdentita,CartaIdentita/0,Capelli,1
/work/Papiere/finegrained-traceability/datasets/eANCI/code/CartaIdentita.java,Bean.CartaIdentita,CartaIdentita/0,Occhi,1
/work/Papiere/finegrained-traceability/datasets/eANCI/code/CartaIdentita.java,Bean.CartaIdentita,CartaIdentita/0,Cittadinanza,1
/work/Papiere/finegrained-traceability/datasets/eANCI/code/CartaIdentita.java,Bean.CartaIdentita,CartaIdentita/0,DataRilascio,1
/work/Papiere/finegrained-traceability/datasets/eANCI/code/CartaIdentita.java,Bean.CartaIdentita,"CartaIdentita/17[java.lang.String,java.lang.String,java.lang.String,java.util.Date,java.lang.String,java.lang.String,java.lang.String,int,java.lang.String,java.lang.String,double,java.lang.String,java.lang.String,java.lang.String,java.util.Date,java.util.Date,boolean]",Numero,1
/work/Papiere/finegrained-traceability/datasets/eANCI/code/CartaIdentita.java,Bean.CartaIdentita,"CartaIdentita/17[java.lang.String,java.lang.String,java.lang.String,java.util.Date,java.lang.String,java.lang.String,java.lang.String,int,java.lang.String,java.lang.String,double,java.lang.String,java.lang.String,java.lang.String,java.util.Date,java.util.Date,boolean]",Professione,1
/work/Papiere/finegrained-traceability/datasets/eANCI/code/CartaIdentita.java,Bean.CartaIdentita,"CartaIdentita/17[java.lang.String,java.lang.String,java.lang.String,java.util.Date,java.lang.String,java.lang.String,java.lang.String,int,java.lang.String,java.lang.String,double,java.lang.String,java.lang.String,java.lang.String,java.util.Date,java.util.Date,boolean]",DataScadenza,1
/work/Papiere/finegrained-traceability/datasets/eANCI/code/CartaIdentita.java,Bean.CartaIdentita,"CartaIdentita/17[java.lang.String,java.lang.String,java.lang.String,java.util.Date,java.lang.String,java.lang.String,java.lang.String,int,java.lang.String,java.lang.String,double,java.lang.String,java.lang.String,java.lang.String,java.util.Date,java.util.Date,boolean]",SegniParticolari,1
/work/Papiere/finegrained-traceability/datasets/eANCI/code/CartaIdentita.java,Bean.CartaIdentita,"CartaIdentita/17[java.lang.String,java.lang.String,java.lang.String,java.util.Date,java.lang.String,java.lang.String,java.lang.String,int,java.lang.String,java.lang.String,double,java.lang.String,java.lang.String,java.lang.String,java.util.Date,java.util.Date,boolean]",ValidaEspatrio,1
/work/Papiere/finegrained-traceability/datasets/eANCI/code/CartaIdentita.java,Bean.CartaIdentita,"CartaIdentita/17[java.lang.String,java.lang.String,java.lang.String,java.util.Date,java.lang.String,java.lang.String,java.lang.String,int,java.lang.String,java.lang.String,double,java.lang.String,java.lang.String,java.lang.String,java.util.Date,java.util.Date,boolean]",Residenza,1
/work/Papiere/finegrained-traceability/datasets/eANCI/code/CartaIdentita.java,Bean.CartaIdentita,"CartaIdentita/17[java.lang.String,java.lang.String,java.lang.String,java.util.Date,java.lang.String,java.lang.String,java.lang.String,int,java.lang.String,java.lang.String,double,java.lang.String,java.lang.String,java.lang.String,java.util.Date,java.util.Date,boolean]",StatoCivile,1
/work/Papiere/finegrained-traceability/datasets/eANCI/code/CartaIdentita.java,Bean.CartaIdentita,"CartaIdentita/17[java.lang.String,java.lang.String,java.lang.String,java.util.Date,java.lang.String,java.lang.String,java.lang.String,int,java.lang.String,java.lang.String,double,java.lang.String,java.lang.String,java.lang.String,java.util.Date,java.util.Date,boolean]",num_civico,1
/work/Papiere/finegrained-traceability/datasets/eANCI/code/CartaIdentita.java,Bean.CartaIdentita,"CartaIdentita/17[java.lang.String,java.lang.String,java.lang.String,java.util.Date,java.lang.String,java.lang.String,java.lang.String,int,java.lang.String,java.lang.String,double,java.lang.String,java.lang.String,java.lang.String,java.util.Date,java.util.Date,boolean]",Via,1
/work/Papiere/finegrained-traceability/datasets/eANCI/code/CartaIdentita.java,Bean.CartaIdentita,"CartaIdentita/17[java.lang.String,java.lang.String,java.lang.String,java.util.Date,java.lang.String,java.lang.String,java.lang.String,int,java.lang.String,java.lang.String,double,java.lang.String,java.lang.String,java.lang.String,java.util.Date,java.util.Date,boolean]",Statura,1
/work/Papiere/finegrained-traceability/datasets/eANCI/code/CartaIdentita.java,Bean.CartaIdentita,"CartaIdentita/17[java.lang.String,java.lang.String,java.lang.String,java.util.Date,java.lang.String,java.lang.String,java.lang.String,int,java.lang.String,java.lang.String,double,java.lang.String,java.lang.String,java.lang.String,java.util.Date,java.util.Date,boolean]",Capelli,1
/work/Papiere/finegrained-traceability/datasets/eANCI/code/CartaIdentita.java,Bean.CartaIdentita,"CartaIdentita/17[java.lang.String,java.lang.String,java.lang.String,java.util.Date,java.lang.String,java.lang.String,java.lang.String,int,java.lang.String,java.lang.String,double,java.lang.String,java.lang.String,java.lang.String,java.util.Date,java.util.Date,boolean]",Occhi,1
/work/Papiere/finegrained-traceability/datasets/eANCI/code/CartaIdentita.java,Bean.CartaIdentita,"CartaIdentita/17[java.lang.String,java.lang.String,java.lang.String,java.util.Date,java.lang.String,java.lang.String,java.lang.String,int,java.lang.String,java.lang.String,double,java.lang.String,java.lang.String,java.lang.String,java.util.Date,java.util.Date,boolean]",Cittadinanza,1
/work/Papiere/finegrained-traceability/datasets/eANCI/code/CartaIdentita.java,Bean.CartaIdentita,"CartaIdentita/17[java.lang.String,java.lang.String,java.lang.String,java.util.Date,java.lang.String,java.lang.String,java.lang.String,int,java.lang.String,java.lang.String,double,java.lang.String,java.lang.String,java.lang.String,java.util.Date,java.util.Date,boolean]",DataRilascio,1
/work/Papiere/finegrained-traceability/datasets/eANCI/code/CartaIdentita.java,Bean.CartaIdentita,getCapelli/0,Capelli,1
/work/Papiere/finegrained-traceability/datasets/eANCI/code/CartaIdentita.java,Bean.CartaIdentita,getNumero/0,Numero,1
/work/Papiere/finegrained-traceability/datasets/eANCI/code/CartaIdentita.java,Bean.CartaIdentita,getStatura/0,Statura,1
/work/Papiere/finegrained-traceability/datasets/eANCI/code/CartaIdentita.java,Bean.CartaIdentita,setCapelli/1[java.lang.String],Capelli,1
/work/Papiere/finegrained-traceability/datasets/eANCI/code/CartaIdentita.java,Bean.CartaIdentita,setStatoCivile/1[java.lang.String],StatoCivile,1
/work/Papiere/finegrained-traceability/datasets/eANCI/code/CartaIdentita.java,Bean.CartaIdentita,setResidenza/1[java.lang.String],Residenza,1
/work/Papiere/finegrained-traceability/datasets/eANCI/code/CartaIdentita.java,Bean.CartaIdentita,id/0,idCittadino,1
/work/Papiere/finegrained-traceability/datasets/eANCI/code/CartaIdentita.java,Bean.CartaIdentita,setNumCivico/1[int],num_civico,1
/work/Papiere/finegrained-traceability/datasets/eANCI/code/CartaIdentita.java,Bean.CartaIdentita,"CartaIdentita/15[java.lang.String,int,java.lang.String,java.lang.String,java.lang.String,int,java.lang.String,java.lang.String,double,java.lang.String,java.lang.String,java.lang.String,java.util.Date,java.util.Date,boolean]",Numero,1
/work/Papiere/finegrained-traceability/datasets/eANCI/code/CartaIdentita.java,Bean.CartaIdentita,"CartaIdentita/15[java.lang.String,int,java.lang.String,java.lang.String,java.lang.String,int,java.lang.String,java.lang.String,double,java.lang.String,java.lang.String,java.lang.String,java.util.Date,java.util.Date,boolean]",Professione,1
/work/Papiere/finegrained-traceability/datasets/eANCI/code/CartaIdentita.java,Bean.CartaIdentita,"CartaIdentita/15[java.lang.String,int,java.lang.String,java.lang.String,java.lang.String,int,java.lang.String,java.lang.String,double,java.lang.String,java.lang.String,java.lang.String,java.util.Date,java.util.Date,boolean]",DataScadenza,1
/work/Papiere/finegrained-traceability/datasets/eANCI/code/CartaIdentita.java,Bean.CartaIdentita,"CartaIdentita/15[java.lang.String,int,java.lang.String,java.lang.String,java.lang.String,int,java.lang.String,java.lang.String,double,java.lang.String,java.lang.String,java.lang.String,java.util.Date,java.util.Date,boolean]",SegniParticolari,1
/work/Papiere/finegrained-traceability/datasets/eANCI/code/CartaIdentita.java,Bean.CartaIdentita,"CartaIdentita/15[java.lang.String,int,java.lang.String,java.lang.String,java.lang.String,int,java.lang.String,java.lang.String,double,java.lang.String,java.lang.String,java.lang.String,java.util.Date,java.util.Date,boolean]",ValidaEspatrio,1
/work/Papiere/finegrained-traceability/datasets/eANCI/code/CartaIdentita.java,Bean.CartaIdentita,"CartaIdentita/15[java.lang.String,int,java.lang.String,java.lang.String,java.lang.String,int,java.lang.String,java.lang.String,double,java.lang.String,java.lang.String,java.lang.String,java.util.Date,java.util.Date,boolean]",Residenza,1
/work/Papiere/finegrained-traceability/datasets/eANCI/code/CartaIdentita.java,Bean.CartaIdentita,"CartaIdentita/15[java.lang.String,int,java.lang.String,java.lang.String,java.lang.String,int,java.lang.String,java.lang.String,double,java.lang.String,java.lang.String,java.lang.String,java.util.Date,java.util.Date,boolean]",StatoCivile,1
/work/Papiere/finegrained-traceability/datasets/eANCI/code/CartaIdentita.java,Bean.CartaIdentita,"CartaIdentita/15[java.lang.String,int,java.lang.String,java.lang.String,java.lang.String,int,java.lang.String,java.lang.String,double,java.lang.String,java.lang.String,java.lang.String,java.util.Date,java.util.Date,boolean]",idCittadino,1
/work/Papiere/finegrained-traceability/datasets/eANCI/code/CartaIdentita.java,Bean.CartaIdentita,"CartaIdentita/15[java.lang.String,int,java.lang.String,java.lang.String,java.lang.String,int,java.lang.String,java.lang.String,double,java.lang.String,java.lang.String,java.lang.String,java.util.Date,java.util.Date,boolean]",num_civico,1
/work/Papiere/finegrained-traceability/datasets/eANCI/code/CartaIdentita.java,Bean.CartaIdentita,"CartaIdentita/15[java.lang.String,int,java.lang.String,java.lang.String,java.lang.String,int,java.lang.String,java.lang.String,double,java.lang.String,java.lang.String,java.lang.String,java.util.Date,java.util.Date,boolean]",Via,1
/work/Papiere/finegrained-traceability/datasets/eANCI/code/CartaIdentita.java,Bean.CartaIdentita,"CartaIdentita/15[java.lang.String,int,java.lang.String,java.lang.String,java.lang.String,int,java.lang.String,java.lang.String,double,java.lang.String,java.lang.String,java.lang.String,java.util.Date,java.util.Date,boolean]",Statura,1
/work/Papiere/finegrained-traceability/datasets/eANCI/code/CartaIdentita.java,Bean.CartaIdentita,"CartaIdentita/15[java.lang.String,int,java.lang.String,java.lang.String,java.lang.String,int,java.lang.String,java.lang.String,double,java.lang.String,java.lang.String,java.lang.String,java.util.Date,java.util.Date,boolean]",Capelli,1
/work/Papiere/finegrained-traceability/datasets/eANCI/code/CartaIdentita.java,Bean.CartaIdentita,"CartaIdentita/15[java.lang.String,int,java.lang.String,java.lang.String,java.lang.String,int,java.lang.String,java.lang.String,double,java.lang.String,java.lang.String,java.lang.String,java.util.Date,java.util.Date,boolean]",Occhi,1
/work/Papiere/finegrained-traceability/datasets/eANCI/code/CartaIdentita.java,Bean.CartaIdentita,"CartaIdentita/15[java.lang.String,int,java.lang.String,java.lang.String,java.lang.String,int,java.lang.String,java.lang.String,double,java.lang.String,java.lang.String,java.lang.String,java.util.Date,java.util.Date,boolean]",Cittadinanza,1
/work/Papiere/finegrained-traceability/datasets/eANCI/code/CartaIdentita.java,Bean.CartaIdentita,"CartaIdentita/15[java.lang.String,int,java.lang.String,java.lang.String,java.lang.String,int,java.lang.String,java.lang.String,double,java.lang.String,java.lang.String,java.lang.String,java.util.Date,java.util.Date,boolean]",DataRilascio,1
/work/Papiere/finegrained-traceability/datasets/eANCI/code/CartaIdentita.java,Bean.CartaIdentita,setNumero/1[java.lang.String],Numero,1
/work/Papiere/finegrained-traceability/datasets/eANCI/code/CartaIdentita.java,Bean.CartaIdentita,getStatoCivile/0,StatoCivile,1
/work/Papiere/finegrained-traceability/datasets/eANCI/code/CartaIdentita.java,Bean.CartaIdentita,getOcchi/0,Occhi,1
/work/Papiere/finegrained-traceability/datasets/eANCI/code/CIManager.java,Manager.CIManager,CIManager/0,dbCartaIdentita,1
/work/Papiere/finegrained-traceability/datasets/eANCI/code/CIManager.java,Manager.CIManager,getCartaByIdCStri/1[int],dbCartaIdentita,1
/work/Papiere/finegrained-traceability/datasets/eANCI/code/CIManager.java,Manager.CIManager,getCartaByNumero/1[java.lang.String],dbCartaIdentita,1
/work/Papiere/finegrained-traceability/datasets/eANCI/code/Cittadino.java,Bean.Cittadino,setLogin/1[java.lang.String],Login,1
/work/Papiere/finegrained-traceability/datasets/eANCI/code/Cittadino.java,Bean.Cittadino,getCognome/0,Cognome,1
/work/Papiere/finegrained-traceability/datasets/eANCI/code/Cittadino.java,Bean.Cittadino,setEmail/1[java.lang.String],Email,1
/work/Papiere/finegrained-traceability/datasets/eANCI/code/Cittadino.java,Bean.Cittadino,setIdCittadino/1[int],idCittadino,3
/work/Papiere/finegrained-traceability/datasets/eANCI/code/Cittadino.java,Bean.Cittadino,getDataNascita/0,DataNascita,1
/work/Papiere/finegrained-traceability/datasets/eANCI/code/Cittadino.java,Bean.Cittadino,getCodiceFiscale/0,CodiceFiscale,1
/work/Papiere/finegrained-traceability/datasets/eANCI/code/Cittadino.java,Bean.Cittadino,setCognome/1[java.lang.String],Cognome,1
/work/Papiere/finegrained-traceability/datasets/eANCI/code/Cittadino.java,Bean.Cittadino,setNome/1[java.lang.String],Nome,1
/work/Papiere/finegrained-traceability/datasets/eANCI/code/Cittadino.java,Bean.Cittadino,isAdvertise/0,Advertise,1
/work/Papiere/finegrained-traceability/datasets/eANCI/code/Cittadino.java,Bean.Cittadino,getLuogoNascita/0,LuogoNascita,1
/work/Papiere/finegrained-traceability/datasets/eANCI/code/Cittadino.java,Bean.Cittadino,setDataNascita/1[java.util.Date],DataNascita,1
/work/Papiere/finegrained-traceability/datasets/eANCI/code/Cittadino.java,Bean.Cittadino,setNucleoFamiliare/1[int],nucleoFamiliare,1
/work/Papiere/finegrained-traceability/datasets/eANCI/code/Cittadino.java,Bean.Cittadino,"Cittadino/5[java.lang.String,java.lang.String,java.lang.String,java.lang.String,java.lang.String]",ci,3
/work/Papiere/finegrained-traceability/datasets/eANCI/code/Cittadino.java,Bean.Cittadino,"Cittadino/5[java.lang.String,java.lang.String,java.lang.String,java.lang.String,java.lang.String]",Nome,1
/work/Papiere/finegrained-traceability/datasets/eANCI/code/Cittadino.java,Bean.Cittadino,"Cittadino/5[java.lang.String,java.lang.String,java.lang.String,java.lang.String,java.lang.String]",Cognome,1
/work/Papiere/finegrained-traceability/datasets/eANCI/code/Cittadino.java,Bean.Cittadino,getIdCittadino/0,idCittadino,1
/work/Papiere/finegrained-traceability/datasets/eANCI/code/Cittadino.java,Bean.Cittadino,setIsAdvertise/1[boolean],Advertise,1
/work/Papiere/finegrained-traceability/datasets/eANCI/code/Cittadino.java,Bean.Cittadino,Cittadino/0,LuogoNascita,1
/work/Papiere/finegrained-traceability/datasets/eANCI/code/Cittadino.java,Bean.Cittadino,Cittadino/0,Email,1
/work/Papiere/finegrained-traceability/datasets/eANCI/code/Cittadino.java,Bean.Cittadino,Cittadino/0,Login,1
/work/Papiere/finegrained-traceability/datasets/eANCI/code/Cittadino.java,Bean.Cittadino,Cittadino/0,Advertise,1
/work/Papiere/finegrained-traceability/datasets/eANCI/code/Cittadino.java,Bean.Cittadino,Cittadino/0,CodiceFiscale,1
/work/Papiere/finegrained-traceability/datasets/eANCI/code/Cittadino.java,Bean.Cittadino,Cittadino/0,Nome,1
/work/Papiere/finegrained-traceability/datasets/eANCI/code/Cittadino.java,Bean.Cittadino,Cittadino/0,Cognome,1
/work/Papiere/finegrained-traceability/datasets/eANCI/code/Cittadino.java,Bean.Cittadino,Cittadino/0,DataNascita,1
/work/Papiere/finegrained-traceability/datasets/eANCI/code/Cittadino.java,Bean.Cittadino,setLuogoNascita/1[java.lang.String],LuogoNascita,1
/work/Papiere/finegrained-traceability/datasets/eANCI/code/Cittadino.java,Bean.Cittadino,getLogin/0,Login,1
/work/Papiere/finegrained-traceability/datasets/eANCI/code/Cittadino.java,Bean.Cittadino,getNucleoFamiliare/0,nucleoFamiliare,1
/work/Papiere/finegrained-traceability/datasets/eANCI/code/Cittadino.java,Bean.Cittadino,"Cittadino/10[int,java.lang.String,java.lang.String,java.lang.String,java.util.Date,java.lang.String,java.lang.String,boolean,int,java.lang.String]",LuogoNascita,1
/work/Papiere/finegrained-traceability/datasets/eANCI/code/Cittadino.java,Bean.Cittadino,"Cittadino/10[int,java.lang.String,java.lang.String,java.lang.String,java.util.Date,java.lang.String,java.lang.String,boolean,int,java.lang.String]",nucleoFamiliare,1
/work/Papiere/finegrained-traceability/datasets/eANCI/code/Cittadino.java,Bean.Cittadino,"Cittadino/10[int,java.lang.String,java.lang.String,java.lang.String,java.util.Date,java.lang.String,java.lang.String,boolean,int,java.lang.String]",Email,1
/work/Papiere/finegrained-traceability/datasets/eANCI/code/Cittadino.java,Bean.Cittadino,"Cittadino/10[int,java.lang.String,java.lang.String,java.lang.String,java.util.Date,java.lang.String,java.lang.String,boolean,int,java.lang.String]",idCittadino,1
/work/Papiere/finegrained-traceability/datasets/eANCI/code/Cittadino.java,Bean.Cittadino,"Cittadino/10[int,java.lang.String,java.lang.String,java.lang.String,java.util.Date,java.lang.String,java.lang.String,boolean,int,java.lang.String]",Login,1
/work/Papiere/finegrained-traceability/datasets/eANCI/code/Cittadino.java,Bean.Cittadino,"Cittadino/10[int,java.lang.String,java.lang.String,java.lang.String,java.util.Date,java.lang.String,java.lang.String,boolean,int,java.lang.String]",CodiceFiscale,1
/work/Papiere/finegrained-traceability/datasets/eANCI/code/Cittadino.java,Bean.Cittadino,"Cittadino/10[int,java.lang.String,java.lang.String,java.lang.String,java.util.Date,java.lang.String,java.lang.String,boolean,int,java.lang.String]",Nome,1
/work/Papiere/finegrained-traceability/datasets/eANCI/code/Cittadino.java,Bean.Cittadino,"Cittadino/10[int,java.lang.String,java.lang.String,java.lang.String,java.util.Date,java.lang.String,java.lang.String,boolean,int,java.lang.String]",Advertise,1
/work/Papiere/finegrained-traceability/datasets/eANCI/code/Cittadino.java,Bean.Cittadino,"Cittadino/10[int,java.lang.String,java.lang.String,java.lang.String,java.util.Date,java.lang.String,java.lang.String,boolean,int,java.lang.String]",Cognome,1
/work/Papiere/finegrained-traceability/datasets/eANCI/code/Cittadino.java,Bean.Cittadino,"Cittadino/10[int,java.lang.String,java.lang.String,java.lang.String,java.util.Date,java.lang.String,java.lang.String,boolean,int,java.lang.String]",DataNascita,1
/work/Papiere/finegrained-traceability/datasets/eANCI/code/Cittadino.java,Bean.Cittadino,"Cittadino/6[int,java.lang.String,java.lang.String,java.lang.String,java.util.Date,java.lang.String]",LuogoNascita,1
/work/Papiere/finegrained-traceability/datasets/eANCI/code/Cittadino.java,Bean.Cittadino,"Cittadino/6[int,java.lang.String,java.lang.String,java.lang.String,java.util.Date,java.lang.String]",nucleoFamiliare,1
/work/Papiere/finegrained-traceability/datasets/eANCI/code/Cittadino.java,Bean.Cittadino,"Cittadino/6[int,java.lang.String,java.lang.String,java.lang.String,java.util.Date,java.lang.String]",CodiceFiscale,1
/work/Papiere/finegrained-traceability/datasets/eANCI/code/Cittadino.java,Bean.Cittadino,"Cittadino/6[int,java.lang.String,java.lang.String,java.lang.String,java.util.Date,java.lang.String]",Nome,1
/work/Papiere/finegrained-traceability/datasets/eANCI/code/Cittadino.java,Bean.Cittadino,"Cittadino/6[int,java.lang.String,java.lang.String,java.lang.String,java.util.Date,java.lang.String]",Cognome,1
/work/Papiere/finegrained-traceability/datasets/eANCI/code/Cittadino.java,Bean.Cittadino,"Cittadino/6[int,java.lang.String,java.lang.String,java.lang.String,java.util.Date,java.lang.String]",DataNascita,1
/work/Papiere/finegrained-traceability/datasets/eANCI/code/Cittadino.java,Bean.Cittadino,getEmail/0,Email,1
/work/Papiere/finegrained-traceability/datasets/eANCI/code/Cittadino.java,Bean.Cittadino,getNome/0,Nome,1
/work/Papiere/finegrained-traceability/datasets/eANCI/code/Cittadino.java,Bean.Cittadino,setCodiceFiscale/1[java.lang.String],CodiceFiscale,1
/work/Papiere/finegrained-traceability/datasets/eANCI/code/CittadinoManager.java,Manager.CittadinoManager,getCittadinoById/1[int],dbCittadino,1
/work/Papiere/finegrained-traceability/datasets/eANCI/code/CittadinoManager.java,Manager.CittadinoManager,"modificaLogin/2[int,java.lang.String]",dbCittadino,1
/work/Papiere/finegrained-traceability/datasets/eANCI/code/CittadinoManager.java,Manager.CittadinoManager,"ricercaCittadino/2[java.lang.String,java.lang.String]",dbCittadino,1
/work/Papiere/finegrained-traceability/datasets/eANCI/code/CittadinoManager.java,Manager.CittadinoManager,"modificaCognome/2[int,java.lang.String]",dbCittadino,1
/work/Papiere/finegrained-traceability/datasets/eANCI/code/CittadinoManager.java,Manager.CittadinoManager,getCittadinoByLogin/1[java.lang.String],dbCittadino,1
/work/Papiere/finegrained-traceability/datasets/eANCI/code/CittadinoManager.java,Manager.CittadinoManager,"modificaEmail/2[int,java.lang.String]",dbCittadino,1
/work/Papiere/finegrained-traceability/datasets/eANCI/code/CittadinoManager.java,Manager.CittadinoManager,"modificaNucleoFamiliare/2[int,int]",dbCittadino,1
/work/Papiere/finegrained-traceability/datasets/eANCI/code/CittadinoManager.java,Manager.CittadinoManager,"modificaNome/2[int,java.lang.String]",dbCittadino,1
/work/Papiere/finegrained-traceability/datasets/eANCI/code/CittadinoManager.java,Manager.CittadinoManager,inserisciCittadino/1[Bean.Cittadino],dbCittadino,1
/work/Papiere/finegrained-traceability/datasets/eANCI/code/CittadinoManager.java,Manager.CittadinoManager,cancellaCittadino/1[int],dbCittadino,1
/work/Papiere/finegrained-traceability/datasets/eANCI/code/CittadinoManager.java,Manager.CittadinoManager,CittadinoManager/0,dbCittadino,1
/work/Papiere/finegrained-traceability/datasets/eANCI/code/Comune.java,Bean.Comune,setNome/1[java.lang.String],nome,1
/work/Papiere/finegrained-traceability/datasets/eANCI/code/Comune.java,Bean.Comune,getIndirizzoId/0,indirizzoIp,1
/work/Papiere/finegrained-traceability/datasets/eANCI/code/Comune.java,Bean.Comune,getNome/0,nome,1
/work/Papiere/finegrained-traceability/datasets/eANCI/code/Comune.java,Bean.Comune,"Comune/2[java.lang.String,java.lang.String]",indirizzoIp,1
/work/Papiere/finegrained-traceability/datasets/eANCI/code/Comune.java,Bean.Comune,"Comune/2[java.lang.String,java.lang.String]",nome,1
/work/Papiere/finegrained-traceability/datasets/eANCI/code/Comune.java,Bean.Comune,setIndirizzoId/1[java.lang.String],indirizzoIp,1
/work/Papiere/finegrained-traceability/datasets/eANCI/code/DbAccesso.java,DB.DbAccesso,getAccessi/0,connection,1
/work/Papiere/finegrained-traceability/datasets/eANCI/code/DbAccesso.java,DB.DbAccesso,inserisciAccesso/1[Bean.Accesso],connection,1
/work/Papiere/finegrained-traceability/datasets/eANCI/code/DbAccesso.java,DB.DbAccesso,eliminaAccesso/1[java.lang.String],connection,1
/work/Papiere/finegrained-traceability/datasets/eANCI/code/DbAccesso.java,DB.DbAccesso,controllaLogin/1[java.lang.String],connection,1
/work/Papiere/finegrained-traceability/datasets/eANCI/code/DbAccesso.java,DB.DbAccesso,getAccesso/1[java.lang.String],connection,1
/work/Papiere/finegrained-traceability/datasets/eANCI/code/DbAccesso.java,DB.DbAccesso,"modificaAccesso/2[java.lang.String,Bean.Accesso]",connection,1
/work/Papiere/finegrained-traceability/datasets/eANCI/code/DbAccesso.java,DB.DbAccesso,"controllaAccesso/2[java.lang.String,java.lang.String]",connection,1
/work/Papiere/finegrained-traceability/datasets/eANCI/code/DbAccesso.java,DB.DbAccesso,DbAccesso/0,connection,1
/work/Papiere/finegrained-traceability/datasets/eANCI/code/DbAmministratore.java,DB.DbAmministratore,getAmministratori/0,connection,1
/work/Papiere/finegrained-traceability/datasets/eANCI/code/DbAmministratore.java,DB.DbAmministratore,inserisciAmministratore/1[Bean.Amministratore],connection,1
/work/Papiere/finegrained-traceability/datasets/eANCI/code/DbAmministratore.java,DB.DbAmministratore,eliminaAmministratore/1[java.lang.String],connection,1
/work/Papiere/finegrained-traceability/datasets/eANCI/code/DbAmministratore.java,DB.DbAmministratore,getAmministratoreByLogin/1[java.lang.String],connection,1
/work/Papiere/finegrained-traceability/datasets/eANCI/code/DbAmministratore.java,DB.DbAmministratore,DbAmministratore/0,connection,1
/work/Papiere/finegrained-traceability/datasets/eANCI/code/DbAmministratore.java,DB.DbAmministratore,getAmministratoreByMatricola/1[java.lang.String],connection,1
/work/Papiere/finegrained-traceability/datasets/eANCI/code/DbAmministratore.java,DB.DbAmministratore,"modificaAmministratore/2[java.lang.String,Bean.Amministratore]",connection,1
/work/Papiere/finegrained-traceability/datasets/eANCI/code/DbAmministratore.java,DB.DbAmministratore,"getAmministratoreByName/2[java.lang.String,java.lang.String]",connection,1
/work/Papiere/finegrained-traceability/datasets/eANCI/code/DbCambioResidenza.java,DB.DbCambioResidenza,DbCambioResidenza/0,connection,1
/work/Papiere/finegrained-traceability/datasets/eANCI/code/DbCartaIdentita.java,DB.DbCartaIdentita,"modificaNumeroCivicoCartaIdentita/2[java.lang.String,int]",connection,1
/work/Papiere/finegrained-traceability/datasets/eANCI/code/DbCartaIdentita.java,DB.DbCartaIdentita,registraCartaIdentita/1[Bean.CartaIdentita],connection,1
/work/Papiere/finegrained-traceability/datasets/eANCI/code/DbCartaIdentita.java,DB.DbCartaIdentita,ricercaCartaIdentitaByProprietario/1[int],connection,1
/work/Papiere/finegrained-traceability/datasets/eANCI/code/DbCartaIdentita.java,DB.DbCartaIdentita,"modificaDataScadenzaCartaIdentita/2[java.lang.String,java.util.Date]",connection,1
/work/Papiere/finegrained-traceability/datasets/eANCI/code/DbCartaIdentita.java,DB.DbCartaIdentita,"modificaValidaEspatrio/2[java.lang.String,boolean]",connection,1
/work/Papiere/finegrained-traceability/datasets/eANCI/code/DbCartaIdentita.java,DB.DbCartaIdentita,"modificaResidenzaCartaIdentita/3[java.lang.String,java.lang.String,int]",connection,1
/work/Papiere/finegrained-traceability/datasets/eANCI/code/DbCartaIdentita.java,DB.DbCartaIdentita,"modificaDataRilascioCartaIdentita/2[java.lang.String,java.util.Date]",connection,1
/work/Papiere/finegrained-traceability/datasets/eANCI/code/DbCartaIdentita.java,DB.DbCartaIdentita,DbCartaIdentita/0,connection,1
/work/Papiere/finegrained-traceability/datasets/eANCI/code/DbCartaIdentita.java,DB.DbCartaIdentita,cancellaCartaIdentita/1[java.lang.String],connection,1
/work/Papiere/finegrained-traceability/datasets/eANCI/code/DbCartaIdentita.java,DB.DbCartaIdentita,"modificaViaCartaIdentita/2[java.lang.String,java.lang.String]",connection,1
/work/Papiere/finegrained-traceability/datasets/eANCI/code/DbCartaIdentita.java,DB.DbCartaIdentita,ricercaCartaIdentitaByNumero/1[java.lang.String],connection,1
/work/Papiere/finegrained-traceability/datasets/eANCI/code/DbCittadino.java,DB.DbCittadino,modificaAdvertise/1[int],connection,2
/work/Papiere/finegrained-traceability/datasets/eANCI/code/DbCittadino.java,DB.DbCittadino,registraCittadino/1[Bean.Cittadino],connection,1
/work/Papiere/finegrained-traceability/datasets/eANCI/code/DbCittadino.java,DB.DbCittadino,getCittadinoByLogin/1[java.lang.String],connection,1
/work/Papiere/finegrained-traceability/datasets/eANCI/code/DbCittadino.java,DB.DbCittadino,findCodiceFiscale/1[int],connection,1
/work/Papiere/finegrained-traceability/datasets/eANCI/code/DbCittadino.java,DB.DbCittadino,DbCittadino/0,connection,1
/work/Papiere/finegrained-traceability/datasets/eANCI/code/DbCittadino.java,DB.DbCittadino,"modificaEmailCittadino/2[int,java.lang.String]",connection,1
/work/Papiere/finegrained-traceability/datasets/eANCI/code/DbCittadino.java,DB.DbCittadino,"modificaCodiceFiscaleCittadino/2[int,java.lang.String]",connection,1
/work/Papiere/finegrained-traceability/datasets/eANCI/code/DbCittadino.java,DB.DbCittadino,cancellaCittadino/1[int],connection,1
/work/Papiere/finegrained-traceability/datasets/eANCI/code/DbCittadino.java,DB.DbCittadino,getCittadinoByCodice/1[int],connection,1
/work/Papiere/finegrained-traceability/datasets/eANCI/code/DbCittadino.java,DB.DbCittadino,"findIdCittadino/3[java.lang.String,java.lang.String,java.lang.String]",connection,1
/work/Papiere/finegrained-traceability/datasets/eANCI/code/DbCittadino.java,DB.DbCittadino,"modificaNucleoFamiliareCittadino/2[int,int]",connection,1
/work/Papiere/finegrained-traceability/datasets/eANCI/code/DbCittadino.java,DB.DbCittadino,"modificaCognomeCittadino/2[int,java.lang.String]",connection,1
/work/Papiere/finegrained-traceability/datasets/eANCI/code/DbCittadino.java,DB.DbCittadino,"getCittadinoByName/2[java.lang.String,java.lang.String]",connection,1
/work/Papiere/finegrained-traceability/datasets/eANCI/code/DbCittadino.java,DB.DbCittadino,"modificaLogin/2[int,java.lang.String]",connection,1
/work/Papiere/finegrained-traceability/datasets/eANCI/code/DbCittadino.java,DB.DbCittadino,"modificaNomeCittadino/2[int,java.lang.String]",connection,1
/work/Papiere/finegrained-traceability/datasets/eANCI/code/DbCittadino.java,DB.DbCittadino,maxID/0,connection,1
/work/Papiere/finegrained-traceability/datasets/eANCI/code/DbComune.java,DB.DbComune,eliminaComune/1[java.lang.String],connection,1
/work/Papiere/finegrained-traceability/datasets/eANCI/code/DbComune.java,DB.DbComune,getComuneByName/1[java.lang.String],connection,1
/work/Papiere/finegrained-traceability/datasets/eANCI/code/DbComune.java,DB.DbComune,DbComune/0,connection,1
/work/Papiere/finegrained-traceability/datasets/eANCI/code/DbComune.java,DB.DbComune,inserisciComune/1[Bean.Comune],connection,1
/work/Papiere/finegrained-traceability/datasets/eANCI/code/DbConnection.java,DB.DbConnection,getConnection/0,cpds,1
/work/Papiere/finegrained-traceability/datasets/eANCI/code/DbConnection.java,DB.DbConnection,closePool/0,cpds,1
/work/Papiere/finegrained-traceability/datasets/eANCI/code/DbConnection.java,DB.DbConnection,createPool/0,cpds,5
/work/Papiere/finegrained-traceability/datasets/eANCI/code/DbImpiegato.java,DB.DbImpiegato,DbImpiegato/0,connection,1
/work/Papiere/finegrained-traceability/datasets/eANCI/code/DbImpiegato.java,DB.DbImpiegato,inserisciImpiegato/1[Bean.Impiegato],connection,1
/work/Papiere/finegrained-traceability/datasets/eANCI/code/DbImpiegato.java,DB.DbImpiegato,getImpiegati/0,connection,1
/work/Papiere/finegrained-traceability/datasets/eANCI/code/DbImpiegato.java,DB.DbImpiegato,"getImpiegatoByName/2[java.lang.String,java.lang.String]",connection,1
/work/Papiere/finegrained-traceability/datasets/eANCI/code/DbImpiegato.java,DB.DbImpiegato,eliminaImpiegato/1[java.lang.String],connection,1
/work/Papiere/finegrained-traceability/datasets/eANCI/code/DbImpiegato.java,DB.DbImpiegato,getImpiegatoByMatricola/1[java.lang.String],connection,1
/work/Papiere/finegrained-traceability/datasets/eANCI/code/DbImpiegato.java,DB.DbImpiegato,"modificaImpiegato/2[java.lang.String,Bean.Impiegato]",connection,1
/work/Papiere/finegrained-traceability/datasets/eANCI/code/DbImpiegato.java,DB.DbImpiegato,getImpiegatoByLogin/1[java.lang.String],connection,1
/work/Papiere/finegrained-traceability/datasets/eANCI/code/DbNucleoFamiliare.java,DB.DbNucleoFamiliare,DbNucleoFamiliare/0,connection,1
/work/Papiere/finegrained-traceability/datasets/eANCI/code/DbNucleoFamiliare.java,DB.DbNucleoFamiliare,"setnComponenti/2[int,int]",connection,1
/work/Papiere/finegrained-traceability/datasets/eANCI/code/DbNucleoFamiliare.java,DB.DbNucleoFamiliare,getStatoFamiglia/1[int],connection,1
/work/Papiere/finegrained-traceability/datasets/eANCI/code/DbNucleoFamiliare.java,DB.DbNucleoFamiliare,noteFamiglia/1[int],connection,1
/work/Papiere/finegrained-traceability/datasets/eANCI/code/DbNucleoFamiliare.java,DB.DbNucleoFamiliare,lastId/0,connection,1
/work/Papiere/finegrained-traceability/datasets/eANCI/code/DbNucleoFamiliare.java,DB.DbNucleoFamiliare,controllaIdFamiglia/1[int],connection,1
/work/Papiere/finegrained-traceability/datasets/eANCI/code/DbNucleoFamiliare.java,DB.DbNucleoFamiliare,"setCapoFamiglia/2[int,int]",connection,1
/work/Papiere/finegrained-traceability/datasets/eANCI/code/DbNucleoFamiliare.java,DB.DbNucleoFamiliare,inserisciNucleoFamiliare/1[Bean.NucleoFamiliare],connection,1
/work/Papiere/finegrained-traceability/datasets/eANCI/code/DbNucleoFamiliare.java,DB.DbNucleoFamiliare,eliminaNucleoFamiliare/1[int],connection,1
/work/Papiere/finegrained-traceability/datasets/eANCI/code/DbNucleoFamiliare.java,DB.DbNucleoFamiliare,getNucleoFamiliareById/1[int],connection,1
/work/Papiere/finegrained-traceability/datasets/eANCI/code/DbRichiesta.java,DB.DbRichiesta,eliminaRichiesta/1[int],connection,1
/work/Papiere/finegrained-traceability/datasets/eANCI/code/DbRichiesta.java,DB.DbRichiesta,getRichiestaById/1[int],connection,1
/work/Papiere/finegrained-traceability/datasets/eANCI/code/DbRichiesta.java,DB.DbRichiesta,"getRichiestaByTipo/2[int,java.lang.String]",connection,1
/work/Papiere/finegrained-traceability/datasets/eANCI/code/DbRichiesta.java,DB.DbRichiesta,"setStatoRichiesta/2[int,java.lang.String]",connection,1
/work/Papiere/finegrained-traceability/datasets/eANCI/code/DbRichiesta.java,DB.DbRichiesta,getRichieste/0,connection,1
/work/Papiere/finegrained-traceability/datasets/eANCI/code/DbRichiesta.java,DB.DbRichiesta,getRichiestaByRichiedente/1[int],connection,1
/work/Papiere/finegrained-traceability/datasets/eANCI/code/DbRichiesta.java,DB.DbRichiesta,"getRichiestaByStato/2[int,java.lang.String]",connection,1
/work/Papiere/finegrained-traceability/datasets/eANCI/code/DbRichiesta.java,DB.DbRichiesta,DbRichiesta/0,connection,1
/work/Papiere/finegrained-traceability/datasets/eANCI/code/DbRichiesta.java,DB.DbRichiesta,inserisciRichiesta/1[Bean.Richiesta],connection,1
/work/Papiere/finegrained-traceability/datasets/eANCI/code/Impiegato.java,Bean.Impiegato,getMatricola/0,Matricola,1
/work/Papiere/finegrained-traceability/datasets/eANCI/code/Impiegato.java,Bean.Impiegato,getEmail/0,Email,1
/work/Papiere/finegrained-traceability/datasets/eANCI/code/Impiegato.java,Bean.Impiegato,toString/0,Matricola,1
/work/Papiere/finegrained-traceability/datasets/eANCI/code/Impiegato.java,Bean.Impiegato,toString/0,Email,1
/work/Papiere/finegrained-traceability/datasets/eANCI/code/Impiegato.java,Bean.Impiegato,toString/0,Login,1
/work/Papiere/finegrained-traceability/datasets/eANCI/code/Impiegato.java,Bean.Impiegato,toString/0,Nome,1
/work/Papiere/finegrained-traceability/datasets/eANCI/code/Impiegato.java,Bean.Impiegato,toString/0,Cognome,1
/work/Papiere/finegrained-traceability/datasets/eANCI/code/Impiegato.java,Bean.Impiegato,getNome/0,Nome,1
/work/Papiere/finegrained-traceability/datasets/eANCI/code/Impiegato.java,Bean.Impiegato,getCognome/0,Cognome,1
/work/Papiere/finegrained-traceability/datasets/eANCI/code/Impiegato.java,Bean.Impiegato,setLogin/1[java.lang.String],Login,1
/work/Papiere/finegrained-traceability/datasets/eANCI/code/Impiegato.java,Bean.Impiegato,setMatricola/1[java.lang.String],Matricola,1
/work/Papiere/finegrained-traceability/datasets/eANCI/code/Impiegato.java,Bean.Impiegato,"Impiegato/5[java.lang.String,java.lang.String,java.lang.String,java.lang.String,java.lang.String]",Matricola,4
/work/Papiere/finegrained-traceability/datasets/eANCI/code/Impiegato.java,Bean.Impiegato,"Impiegato/5[java.lang.String,java.lang.String,java.lang.String,java.lang.String,java.lang.String]",Email,4
/work/Papiere/finegrained-traceability/datasets/eANCI/code/Impiegato.java,Bean.Impiegato,"Impiegato/5[java.lang.String,java.lang.String,java.lang.String,java.lang.String,java.lang.String]",Login,4
/work/Papiere/finegrained-traceability/datasets/eANCI/code/Impiegato.java,Bean.Impiegato,"Impiegato/5[java.lang.String,java.lang.String,java.lang.String,java.lang.String,java.lang.String]",Nome,4
/work/Papiere/finegrained-traceability/datasets/eANCI/code/Impiegato.java,Bean.Impiegato,"Impiegato/5[java.lang.String,java.lang.String,java.lang.String,java.lang.String,java.lang.String]",Cognome,4
/work/Papiere/finegrained-traceability/datasets/eANCI/code/Impiegato.java,Bean.Impiegato,setNome/1[java.lang.String],Nome,1
/work/Papiere/finegrained-traceability/datasets/eANCI/code/Impiegato.java,Bean.Impiegato,Impiegato/0,Matricola,1
/work/Papiere/finegrained-traceability/datasets/eANCI/code/Impiegato.java,Bean.Impiegato,Impiegato/0,Email,1
/work/Papiere/finegrained-traceability/datasets/eANCI/code/Impiegato.java,Bean.Impiegato,Impiegato/0,Login,1
/work/Papiere/finegrained-traceability/datasets/eANCI/code/Impiegato.java,Bean.Impiegato,Impiegato/0,Nome,1
/work/Papiere/finegrained-traceability/datasets/eANCI/code/Impiegato.java,Bean.Impiegato,Impiegato/0,Cognome,1
/work/Papiere/finegrained-traceability/datasets/eANCI/code/Impiegato.java,Bean.Impiegato,setEmail/1[java.lang.String],Email,1
/work/Papiere/finegrained-traceability/datasets/eANCI/code/Impiegato.java,Bean.Impiegato,getLogin/0,Login,1
/work/Papiere/finegrained-traceability/datasets/eANCI/code/Impiegato.java,Bean.Impiegato,setCognome/1[java.lang.String],Cognome,1
/work/Papiere/finegrained-traceability/datasets/eANCI/code/ImpiegatoManager.java,Manager.ImpiegatoManager,eliminaImpiegato/1[java.lang.String],dbImpiegato,1
/work/Papiere/finegrained-traceability/datasets/eANCI/code/ImpiegatoManager.java,Manager.ImpiegatoManager,getImpiegati/0,dbImpiegato,1
/work/Papiere/finegrained-traceability/datasets/eANCI/code/ImpiegatoManager.java,Manager.ImpiegatoManager,ricercaImpiegatoByMatricola/1[java.lang.String],dbImpiegato,1
/work/Papiere/finegrained-traceability/datasets/eANCI/code/ImpiegatoManager.java,Manager.ImpiegatoManager,getImpiegatoByLogin/1[java.lang.String],dbImpiegato,1
/work/Papiere/finegrained-traceability/datasets/eANCI/code/ImpiegatoManager.java,Manager.ImpiegatoManager,inserisciImpiegato/1[Bean.Impiegato],dbImpiegato,1
/work/Papiere/finegrained-traceability/datasets/eANCI/code/ImpiegatoManager.java,Manager.ImpiegatoManager,"getImpiegatoByName/2[java.lang.String,java.lang.String]",dbImpiegato,1
/work/Papiere/finegrained-traceability/datasets/eANCI/code/ImpiegatoManager.java,Manager.ImpiegatoManager,ImpiegatoManager/0,dbImpiegato,1
/work/Papiere/finegrained-traceability/datasets/eANCI/code/ImpiegatoManager.java,Manager.ImpiegatoManager,"modificaImpiegato/2[java.lang.String,Bean.Impiegato]",dbImpiegato,1
/work/Papiere/finegrained-traceability/datasets/eANCI/code/NucleoFamiliare.java,Bean.NucleoFamiliare,setIdNucleoFamiliare/1[int],idNucleoFamiliare,2
/work/Papiere/finegrained-traceability/datasets/eANCI/code/NucleoFamiliare.java,Bean.NucleoFamiliare,getNote/0,nota,1
/work/Papiere/finegrained-traceability/datasets/eANCI/code/NucleoFamiliare.java,Bean.NucleoFamiliare,setNote/1[java.lang.String],nota,2
/work/Papiere/finegrained-traceability/datasets/eANCI/code/NucleoFamiliare.java,Bean.NucleoFamiliare,getIdNucleoFamiliare/0,idNucleoFamiliare,1
/work/Papiere/finegrained-traceability/datasets/eANCI/code/NucleoFamiliare.java,Bean.NucleoFamiliare,setNComponenti/1[int],nComponenti,2
/work/Papiere/finegrained-traceability/datasets/eANCI/code/NucleoFamiliare.java,Bean.NucleoFamiliare,getNComponenti/0,nComponenti,1
/work/Papiere/finegrained-traceability/datasets/eANCI/code/NucleoFamiliare.java,Bean.NucleoFamiliare,"NucleoFamiliare/4[int,int,java.lang.String,int]",nComponenti,1
/work/Papiere/finegrained-traceability/datasets/eANCI/code/NucleoFamiliare.java,Bean.NucleoFamiliare,"NucleoFamiliare/4[int,int,java.lang.String,int]",idNucleoFamiliare,4
/work/Papiere/finegrained-traceability/datasets/eANCI/code/NucleoFamiliare.java,Bean.NucleoFamiliare,"NucleoFamiliare/4[int,int,java.lang.String,int]",nota,4
/work/Papiere/finegrained-traceability/datasets/eANCI/code/NucleoFamiliare.java,Bean.NucleoFamiliare,"NucleoFamiliare/4[int,int,java.lang.String,int]",capoFamiglia,1
/work/Papiere/finegrained-traceability/datasets/eANCI/code/NucleoFamiliare.java,Bean.NucleoFamiliare,setCapoFamiglia/1[int],capoFamiglia,2
/work/Papiere/finegrained-traceability/datasets/eANCI/code/NucleoFamiliare.java,Bean.NucleoFamiliare,getCapoFamiglia/0,capoFamiglia,1
/work/Papiere/finegrained-traceability/datasets/eANCI/code/NucleoFamiliareManager.java,Manager.NucleoFamiliareManager,getNComponentiNucleo/1[int],nucleoF,1
/work/Papiere/finegrained-traceability/datasets/eANCI/code/NucleoFamiliareManager.java,Manager.NucleoFamiliareManager,decrementaComponenti/1[int],nucleoF,1
/work/Papiere/finegrained-traceability/datasets/eANCI/code/NucleoFamiliareManager.java,Manager.NucleoFamiliareManager,NucleoFamiliareManager/0,nucleoF,1
/work/Papiere/finegrained-traceability/datasets/eANCI/code/NucleoFamiliareManager.java,Manager.NucleoFamiliareManager,"setCapoFamiglia/2[int,int]",nucleoF,1
/work/Papiere/finegrained-traceability/datasets/eANCI/code/NucleoFamiliareManager.java,Manager.NucleoFamiliareManager,getNucleo/1[int],nucleoF,1
/work/Papiere/finegrained-traceability/datasets/eANCI/code/NucleoFamiliareManager.java,Manager.NucleoFamiliareManager,controllaidFamiglia/1[int],nucleoF,1
/work/Papiere/finegrained-traceability/datasets/eANCI/code/NucleoFamiliareManager.java,Manager.NucleoFamiliareManager,incrementaComponenti/1[int],nucleoF,1
/work/Papiere/finegrained-traceability/datasets/eANCI/code/NucleoFamiliareManager.java,Manager.NucleoFamiliareManager,inserisciNucleo/1[Bean.NucleoFamiliare],nucleoF,1
/work/Papiere/finegrained-traceability/datasets/eANCI/code/Richiesta.java,Bean.Richiesta,getRichiedente/0,richiedente,1
/work/Papiere/finegrained-traceability/datasets/eANCI/code/Richiesta.java,Bean.Richiesta,setRichiedente/1[int],richiedente,1
/work/Papiere/finegrained-traceability/datasets/eANCI/code/Richiesta.java,Bean.Richiesta,setDocumento/1[java.lang.String],documento,1
/work/Papiere/finegrained-traceability/datasets/eANCI/code/Richiesta.java,Bean.Richiesta,getIdRichiesta/0,idRichiesta,1
/work/Papiere/finegrained-traceability/datasets/eANCI/code/Richiesta.java,Bean.Richiesta,isRifiutata/0,stato,1
/work/Papiere/finegrained-traceability/datasets/eANCI/code/Richiesta.java,Bean.Richiesta,getTipo/0,tipo,1
/work/Papiere/finegrained-traceability/datasets/eANCI/code/Richiesta.java,Bean.Richiesta,getStato/0,stato,1
/work/Papiere/finegrained-traceability/datasets/eANCI/code/Richiesta.java,Bean.Richiesta,getData/0,data,1
/work/Papiere/finegrained-traceability/datasets/eANCI/code/Richiesta.java,Bean.Richiesta,setTipo/1[java.lang.String],tipo,1
/work/Papiere/finegrained-traceability/datasets/eANCI/code/Richiesta.java,Bean.Richiesta,getDocumento/0,documento,1
/work/Papiere/finegrained-traceability/datasets/eANCI/code/Richiesta.java,Bean.Richiesta,setData/1[java.lang.String],data,1
/work/Papiere/finegrained-traceability/datasets/eANCI/code/Richiesta.java,Bean.Richiesta,setIdRichiesta/1[int],idRichiesta,1
/work/Papiere/finegrained-traceability/datasets/eANCI/code/Richiesta.java,Bean.Richiesta,"Richiesta/6[int,java.lang.String,java.lang.String,int,java.lang.String,java.lang.String]",idRichiesta,4
/work/Papiere/finegrained-traceability/datasets/eANCI/code/Richiesta.java,Bean.Richiesta,"Richiesta/6[int,java.lang.String,java.lang.String,int,java.lang.String,java.lang.String]",stato,4
/work/Papiere/finegrained-traceability/datasets/eANCI/code/Richiesta.java,Bean.Richiesta,"Richiesta/6[int,java.lang.String,java.lang.String,int,java.lang.String,java.lang.String]",tipo,4
/work/Papiere/finegrained-traceability/datasets/eANCI/code/Richiesta.java,Bean.Richiesta,"Richiesta/6[int,java.lang.String,java.lang.String,int,java.lang.String,java.lang.String]",data,4
/work/Papiere/finegrained-traceability/datasets/eANCI/code/Richiesta.java,Bean.Richiesta,"Richiesta/6[int,java.lang.String,java.lang.String,int,java.lang.String,java.lang.String]",richiedente,4
/work/Papiere/finegrained-traceability/datasets/eANCI/code/Richiesta.java,Bean.Richiesta,"Richiesta/6[int,java.lang.String,java.lang.String,int,java.lang.String,java.lang.String]",documento,4
/work/Papiere/finegrained-traceability/datasets/eANCI/code/Richiesta.java,Bean.Richiesta,"Richiesta/5[java.lang.String,java.lang.String,int,java.lang.String,java.lang.String]",stato,4
/work/Papiere/finegrained-traceability/datasets/eANCI/code/Richiesta.java,Bean.Richiesta,"Richiesta/5[java.lang.String,java.lang.String,int,java.lang.String,java.lang.String]",tipo,4
/work/Papiere/finegrained-traceability/datasets/eANCI/code/Richiesta.java,Bean.Richiesta,"Richiesta/5[java.lang.String,java.lang.String,int,java.lang.String,java.lang.String]",data,4
/work/Papiere/finegrained-traceability/datasets/eANCI/code/Richiesta.java,Bean.Richiesta,"Richiesta/5[java.lang.String,java.lang.String,int,java.lang.String,java.lang.String]",richiedente,4
/work/Papiere/finegrained-traceability/datasets/eANCI/code/Richiesta.java,Bean.Richiesta,"Richiesta/5[java.lang.String,java.lang.String,int,java.lang.String,java.lang.String]",documento,4
/work/Papiere/finegrained-traceability/datasets/eANCI/code/Richiesta.java,Bean.Richiesta,isAccettata/0,stato,1
/work/Papiere/finegrained-traceability/datasets/eANCI/code/Richiesta.java,Bean.Richiesta,setStato/1[java.lang.String],stato,1
/work/Papiere/finegrained-traceability/datasets/eANCI/code/ServletCreaPdfCambioAbitazione.java,Servlet.ServletCreaPdfCambioAbitazione,"aggiornaDB/2[java.lang.String,java.lang.String]",session,1
/work/Papiere/finegrained-traceability/datasets/eANCI/code/ServletCreaPdfCambioAbitazione.java,Servlet.ServletCreaPdfCambioAbitazione,"doPost/2[Servlet.HttpServletRequest,Servlet.HttpServletResponse]",session,1
/work/Papiere/finegrained-traceability/datasets/eANCI/code/ServletCreaPdfCambioAbitazione.java,Servlet.ServletCreaPdfCambioAbitazione,"cancellaDB/2[Servlet.HttpServletRequest,Servlet.HttpServletResponse]",session,1
/work/Papiere/finegrained-traceability/datasets/eANCI/code/ServletCreaPdfCittadino.java,Servlet.ServletCreaPdfCittadino,"doPost/2[Servlet.HttpServletRequest,Servlet.HttpServletResponse]",session,1
/work/Papiere/finegrained-traceability/datasets/eANCI/code/ServletInserisciAmministratore.java,Servlet.ServletInserisciAmministratore,"doPost/2[Servlet.HttpServletRequest,Servlet.HttpServletResponse]",password,2
/work/Papiere/finegrained-traceability/datasets/eANCI/code/ServletInserisciAmministratore.java,Servlet.ServletInserisciAmministratore,"doPost/2[Servlet.HttpServletRequest,Servlet.HttpServletResponse]",tipo,2
/work/Papiere/finegrained-traceability/datasets/eANCI/code/ServletInserisciAmministratore.java,Servlet.ServletInserisciAmministratore,"doPost/2[Servlet.HttpServletRequest,Servlet.HttpServletResponse]",cognome,2
/work/Papiere/finegrained-traceability/datasets/eANCI/code/ServletInserisciAmministratore.java,Servlet.ServletInserisciAmministratore,"doPost/2[Servlet.HttpServletRequest,Servlet.HttpServletResponse]",nome,2
/work/Papiere/finegrained-traceability/datasets/eANCI/code/ServletInserisciAmministratore.java,Servlet.ServletInserisciAmministratore,"doPost/2[Servlet.HttpServletRequest,Servlet.HttpServletResponse]",login,3
/work/Papiere/finegrained-traceability/datasets/eANCI/code/ServletInserisciAmministratore.java,Servlet.ServletInserisciAmministratore,"doPost/2[Servlet.HttpServletRequest,Servlet.HttpServletResponse]",email,2
/work/Papiere/finegrained-traceability/datasets/eANCI/code/ServletInserisciAmministratore.java,Servlet.ServletInserisciAmministratore,"doPost/2[Servlet.HttpServletRequest,Servlet.HttpServletResponse]",matricola,2
/work/Papiere/finegrained-traceability/datasets/eANCI/code/ServletInserisciCittadino.java,Servlet.ServletInserisciCittadino,creaNucleoF/0,NFM,1
/work/Papiere/finegrained-traceability/datasets/eANCI/code/ServletInserisciCittadino.java,Servlet.ServletInserisciCittadino,creaNucleoF/0,cittadino,1
/work/Papiere/finegrained-traceability/datasets/eANCI/code/ServletInserisciCittadino.java,Servlet.ServletInserisciCittadino,"doPost/2[Servlet.HttpServletRequest,Servlet.HttpServletResponse]",idNF,9
/work/Papiere/finegrained-traceability/datasets/eANCI/code/ServletInserisciCittadino.java,Servlet.ServletInserisciCittadino,"doPost/2[Servlet.HttpServletRequest,Servlet.HttpServletResponse]",tipo,1
/work/Papiere/finegrained-traceability/datasets/eANCI/code/ServletInserisciCittadino.java,Servlet.ServletInserisciCittadino,"doPost/2[Servlet.HttpServletRequest,Servlet.HttpServletResponse]",cf,2
/work/Papiere/finegrained-traceability/datasets/eANCI/code/ServletInserisciCittadino.java,Servlet.ServletInserisciCittadino,"doPost/2[Servlet.HttpServletRequest,Servlet.HttpServletResponse]",anno,2
/work/Papiere/finegrained-traceability/datasets/eANCI/code/ServletInserisciCittadino.java,Servlet.ServletInserisciCittadino,"doPost/2[Servlet.HttpServletRequest,Servlet.HttpServletResponse]",cognome,2
/work/Papiere/finegrained-traceability/datasets/eANCI/code/ServletInserisciCittadino.java,Servlet.ServletInserisciCittadino,"doPost/2[Servlet.HttpServletRequest,Servlet.HttpServletResponse]",nome,2
/work/Papiere/finegrained-traceability/datasets/eANCI/code/ServletInserisciCittadino.java,Servlet.ServletInserisciCittadino,"doPost/2[Servlet.HttpServletRequest,Servlet.HttpServletResponse]",dataN,4
/work/Papiere/finegrained-traceability/datasets/eANCI/code/ServletInserisciCittadino.java,Servlet.ServletInserisciCittadino,"doPost/2[Servlet.HttpServletRequest,Servlet.HttpServletResponse]",login,2
/work/Papiere/finegrained-traceability/datasets/eANCI/code/ServletInserisciCittadino.java,Servlet.ServletInserisciCittadino,"doPost/2[Servlet.HttpServletRequest,Servlet.HttpServletResponse]",luogoN,2
/work/Papiere/finegrained-traceability/datasets/eANCI/code/ServletInserisciCittadino.java,Servlet.ServletInserisciCittadino,"doPost/2[Servlet.HttpServletRequest,Servlet.HttpServletResponse]",NFM,3
/work/Papiere/finegrained-traceability/datasets/eANCI/code/ServletInserisciCittadino.java,Servlet.ServletInserisciCittadino,"doPost/2[Servlet.HttpServletRequest,Servlet.HttpServletResponse]",giorno,2
/work/Papiere/finegrained-traceability/datasets/eANCI/code/ServletInserisciCittadino.java,Servlet.ServletInserisciCittadino,"doPost/2[Servlet.HttpServletRequest,Servlet.HttpServletResponse]",mese,2
/work/Papiere/finegrained-traceability/datasets/eANCI/code/ServletInserisciCittadino.java,Servlet.ServletInserisciCittadino,"doPost/2[Servlet.HttpServletRequest,Servlet.HttpServletResponse]",cittadino,7
/work/Papiere/finegrained-traceability/datasets/eANCI/code/ServletInserisciCittadino.java,Servlet.ServletInserisciCittadino,"doPost/2[Servlet.HttpServletRequest,Servlet.HttpServletResponse]",email,3
/work/Papiere/finegrained-traceability/datasets/eANCI/code/ServletInserisciCittadino.java,Servlet.ServletInserisciCittadino,"doPost/2[Servlet.HttpServletRequest,Servlet.HttpServletResponse]",advertise,2
/work/Papiere/finegrained-traceability/datasets/eANCI/code/ServletInserisciImpiegato.java,Servlet.ServletInserisciImpiegato,"doPost/2[Servlet.HttpServletRequest,Servlet.HttpServletResponse]",password,2
/work/Papiere/finegrained-traceability/datasets/eANCI/code/ServletInserisciImpiegato.java,Servlet.ServletInserisciImpiegato,"doPost/2[Servlet.HttpServletRequest,Servlet.HttpServletResponse]",tipo,2
/work/Papiere/finegrained-traceability/datasets/eANCI/code/ServletInserisciImpiegato.java,Servlet.ServletInserisciImpiegato,"doPost/2[Servlet.HttpServletRequest,Servlet.HttpServletResponse]",cognome,2
/work/Papiere/finegrained-traceability/datasets/eANCI/code/ServletInserisciImpiegato.java,Servlet.ServletInserisciImpiegato,"doPost/2[Servlet.HttpServletRequest,Servlet.HttpServletResponse]",nome,2
/work/Papiere/finegrained-traceability/datasets/eANCI/code/ServletInserisciImpiegato.java,Servlet.ServletInserisciImpiegato,"doPost/2[Servlet.HttpServletRequest,Servlet.HttpServletResponse]",login,3
/work/Papiere/finegrained-traceability/datasets/eANCI/code/ServletInserisciImpiegato.java,Servlet.ServletInserisciImpiegato,"doPost/2[Servlet.HttpServletRequest,Servlet.HttpServletResponse]",email,2
/work/Papiere/finegrained-traceability/datasets/eANCI/code/ServletInserisciImpiegato.java,Servlet.ServletInserisciImpiegato,"doPost/2[Servlet.HttpServletRequest,Servlet.HttpServletResponse]",matricola,2
/work/Papiere/finegrained-traceability/datasets/eANCI/code/ServletModificaAccesso.java,Servlet.ServletModificaAccesso,"doPost/2[Servlet.HttpServletRequest,Servlet.HttpServletResponse]",password,2
/work/Papiere/finegrained-traceability/datasets/eANCI/code/ServletModificaAccesso.java,Servlet.ServletModificaAccesso,"doPost/2[Servlet.HttpServletRequest,Servlet.HttpServletResponse]",tipo,2
/work/Papiere/finegrained-traceability/datasets/eANCI/code/ServletModificaAccesso.java,Servlet.ServletModificaAccesso,"doPost/2[Servlet.HttpServletRequest,Servlet.HttpServletResponse]",login,3
/work/Papiere/finegrained-traceability/datasets/eANCI/code/ServletModificaAccesso.java,Servlet.ServletModificaAccesso,"doPost/2[Servlet.HttpServletRequest,Servlet.HttpServletResponse]",cpassword,1
/work/Papiere/finegrained-traceability/datasets/eANCI/code/ServletModificaAmministratore.java,Servlet.ServletModificaAmministratore,"doPost/2[Servlet.HttpServletRequest,Servlet.HttpServletResponse]",password,2
/work/Papiere/finegrained-traceability/datasets/eANCI/code/ServletModificaAmministratore.java,Servlet.ServletModificaAmministratore,"doPost/2[Servlet.HttpServletRequest,Servlet.HttpServletResponse]",tipo,2
/work/Papiere/finegrained-traceability/datasets/eANCI/code/ServletModificaAmministratore.java,Servlet.ServletModificaAmministratore,"doPost/2[Servlet.HttpServletRequest,Servlet.HttpServletResponse]",cognome,2
/work/Papiere/finegrained-traceability/datasets/eANCI/code/ServletModificaAmministratore.java,Servlet.ServletModificaAmministratore,"doPost/2[Servlet.HttpServletRequest,Servlet.HttpServletResponse]",nome,2
/work/Papiere/finegrained-traceability/datasets/eANCI/code/ServletModificaAmministratore.java,Servlet.ServletModificaAmministratore,"doPost/2[Servlet.HttpServletRequest,Servlet.HttpServletResponse]",login,3
/work/Papiere/finegrained-traceability/datasets/eANCI/code/ServletModificaAmministratore.java,Servlet.ServletModificaAmministratore,"doPost/2[Servlet.HttpServletRequest,Servlet.HttpServletResponse]",email,2
/work/Papiere/finegrained-traceability/datasets/eANCI/code/ServletModificaCittadino.java,Servlet.ServletModificaCittadino,"doPost/2[Servlet.HttpServletRequest,Servlet.HttpServletResponse]",idNF,18
/work/Papiere/finegrained-traceability/datasets/eANCI/code/ServletModificaCittadino.java,Servlet.ServletModificaCittadino,"doPost/2[Servlet.HttpServletRequest,Servlet.HttpServletResponse]",cognome,5
/work/Papiere/finegrained-traceability/datasets/eANCI/code/ServletModificaCittadino.java,Servlet.ServletModificaCittadino,"doPost/2[Servlet.HttpServletRequest,Servlet.HttpServletResponse]",nome,5
/work/Papiere/finegrained-traceability/datasets/eANCI/code/ServletModificaCittadino.java,Servlet.ServletModificaCittadino,"doPost/2[Servlet.HttpServletRequest,Servlet.HttpServletResponse]",cittadino,30
/work/Papiere/finegrained-traceability/datasets/eANCI/code/ServletModificaCittadino.java,Servlet.ServletModificaCittadino,"doPost/2[Servlet.HttpServletRequest,Servlet.HttpServletResponse]",email,7
/work/Papiere/finegrained-traceability/datasets/eANCI/code/ServletModificaCittadino.java,Servlet.ServletModificaCittadino,creaNucleoF/0,NFM,1
/work/Papiere/finegrained-traceability/datasets/eANCI/code/ServletModificaCittadino.java,Servlet.ServletModificaCittadino,creaNucleoF/0,cittadino,1
/work/Papiere/finegrained-traceability/datasets/eANCI/code/ServletModificaImpiegato.java,Servlet.ServletModificaImpiegato,"doPost/2[Servlet.HttpServletRequest,Servlet.HttpServletResponse]",password,2
/work/Papiere/finegrained-traceability/datasets/eANCI/code/ServletModificaImpiegato.java,Servlet.ServletModificaImpiegato,"doPost/2[Servlet.HttpServletRequest,Servlet.HttpServletResponse]",tipo,2
/work/Papiere/finegrained-traceability/datasets/eANCI/code/ServletModificaImpiegato.java,Servlet.ServletModificaImpiegato,"doPost/2[Servlet.HttpServletRequest,Servlet.HttpServletResponse]",cognome,2
/work/Papiere/finegrained-traceability/datasets/eANCI/code/ServletModificaImpiegato.java,Servlet.ServletModificaImpiegato,"doPost/2[Servlet.HttpServletRequest,Servlet.HttpServletResponse]",nome,2
/work/Papiere/finegrained-traceability/datasets/eANCI/code/ServletModificaImpiegato.java,Servlet.ServletModificaImpiegato,"doPost/2[Servlet.HttpServletRequest,Servlet.HttpServletResponse]",login,3
/work/Papiere/finegrained-traceability/datasets/eANCI/code/ServletModificaImpiegato.java,Servlet.ServletModificaImpiegato,"doPost/2[Servlet.HttpServletRequest,Servlet.HttpServletResponse]",matricola,4
/work/Papiere/finegrained-traceability/datasets/eANCI/code/ServletModificaImpiegato.java,Servlet.ServletModificaImpiegato,"doPost/2[Servlet.HttpServletRequest,Servlet.HttpServletResponse]",email,2
/work/Papiere/finegrained-traceability/datasets/eANCI/code/ServletModificaResidenza.java,Servlet.ServletModificaResidenza$CercaFiles,"esploraFile/3[java.io.File,java.lang.String,java.lang.String]",from,3
/work/Papiere/finegrained-traceability/datasets/eANCI/code/ServletModificaResidenza.java,Servlet.ServletModificaResidenza$CercaFiles,"main/2[int,java.lang.String]",interno,4
/work/Papiere/finegrained-traceability/datasets/eANCI/code/ServletModificaResidenza.java,Servlet.ServletModificaResidenza$CercaFiles,"main/2[int,java.lang.String]",from,3
/work/Papiere/finegrained-traceability/datasets/eANCI/code/ServletModificaResidenza.java,Servlet.ServletModificaResidenza$CercaFiles$Filter,"Filter/2[java.lang.String,java.lang.String]",tipo,3
/work/Papiere/finegrained-traceability/datasets/eANCI/code/ServletModificaResidenza.java,Servlet.ServletModificaResidenza$CercaFiles$Filter,"Filter/2[java.lang.String,java.lang.String]",nome,3
/work/Papiere/finegrained-traceability/datasets/eANCI/code/ServletModificaResidenza.java,Servlet.ServletModificaResidenza$CercaFiles$Filter,"accept/2[java.io.File,java.lang.String]",tipo,4
/work/Papiere/finegrained-traceability/datasets/eANCI/code/ServletModificaResidenza.java,Servlet.ServletModificaResidenza$CercaFiles$Filter,"accept/2[java.io.File,java.lang.String]",nome,3
/work/Papiere/finegrained-traceability/datasets/eANCI/code/ServletRecuperoPassword.java,Servlet.ServletRecuperoPassword,"doPost/2[Servlet.HttpServletRequest,Servlet.HttpServletResponse]",tipo,1
/work/Papiere/finegrained-traceability/datasets/eANCI/code/ServletRecuperoPassword.java,Servlet.ServletRecuperoPassword,"doPost/2[Servlet.HttpServletRequest,Servlet.HttpServletResponse]",ci,2
/work/Papiere/finegrained-traceability/datasets/eANCI/code/ServletRecuperoPassword.java,Servlet.ServletRecuperoPassword,"doPost/2[Servlet.HttpServletRequest,Servlet.HttpServletResponse]",login,5
/work/Papiere/finegrained-traceability/datasets/eANCI/code/ServletRegistraCittadino.java,Servlet.ServletRegistraCittadino,"doPost/2[Servlet.HttpServletRequest,Servlet.HttpServletResponse]",password,2
/work/Papiere/finegrained-traceability/datasets/eANCI/code/ServletRegistraCittadino.java,Servlet.ServletRegistraCittadino,"doPost/2[Servlet.HttpServletRequest,Servlet.HttpServletResponse]",tipo,2
/work/Papiere/finegrained-traceability/datasets/eANCI/code/ServletRegistraCittadino.java,Servlet.ServletRegistraCittadino,"doPost/2[Servlet.HttpServletRequest,Servlet.HttpServletResponse]",cf,2
/work/Papiere/finegrained-traceability/datasets/eANCI/code/ServletRegistraCittadino.java,Servlet.ServletRegistraCittadino,"doPost/2[Servlet.HttpServletRequest,Servlet.HttpServletResponse]",cognome,2
/work/Papiere/finegrained-traceability/datasets/eANCI/code/ServletRegistraCittadino.java,Servlet.ServletRegistraCittadino,"doPost/2[Servlet.HttpServletRequest,Servlet.HttpServletResponse]",ci,2
/work/Papiere/finegrained-traceability/datasets/eANCI/code/ServletRegistraCittadino.java,Servlet.ServletRegistraCittadino,"doPost/2[Servlet.HttpServletRequest,Servlet.HttpServletResponse]",nome,2
/work/Papiere/finegrained-traceability/datasets/eANCI/code/ServletRegistraCittadino.java,Servlet.ServletRegistraCittadino,"doPost/2[Servlet.HttpServletRequest,Servlet.HttpServletResponse]",login,4
/work/Papiere/finegrained-traceability/datasets/eANCI/code/ServletRegistraCittadino.java,Servlet.ServletRegistraCittadino,"doPost/2[Servlet.HttpServletRequest,Servlet.HttpServletResponse]",email,2
