file,class,method,constructor,line,cbo,wmc,rfc,loc,returnsQty,variablesQty,parametersQty,methodsInvokedQty,methodsInvokedLocalQty,methodsInvokedIndirectLocalQty,loopQty,comparisonsQty,tryCatchQty,parenthesizedExpsQty,stringLiteralsQty,numbersQty,assignmentsQty,mathOperationsQty,maxNestedBlocksQty,anonymousClassesQty,innerClassesQty,lambdasQty,uniqueWordsQty,modifiers,logStatementsQty,hasJavaDoc
/work/Papiere/finegrained-traceability/datasets/eANCI/code/AccessManager.java,Manager.AccessManager,getAccessi/0,false,81,2,1,1,3,1,0,0,1,0,0,0,0,0,0,0,0,0,0,0,0,0,0,22,1,0,true
/work/Papiere/finegrained-traceability/datasets/eANCI/code/AccessManager.java,Manager.AccessManager,AccessManager/0,true,19,1,1,0,3,0,0,0,0,0,0,0,0,0,0,0,0,1,0,0,0,0,0,9,1,0,true
/work/Papiere/finegrained-traceability/datasets/eANCI/code/AccessManager.java,Manager.AccessManager,inserisciAccesso/1[Bean.Accesso],false,63,2,1,1,3,1,0,1,1,0,0,0,0,0,0,0,0,0,0,0,0,0,0,29,1,0,true
/work/Papiere/finegrained-traceability/datasets/eANCI/code/AccessManager.java,Manager.AccessManager,"controllaAccesso/2[java.lang.String,java.lang.String]",false,30,1,1,1,3,1,0,2,1,0,0,0,0,0,0,0,0,0,0,0,0,0,0,31,1,0,true
/work/Papiere/finegrained-traceability/datasets/eANCI/code/AccessManager.java,Manager.AccessManager,controllaLogin/1[java.lang.String],false,40,1,1,1,3,1,0,1,1,0,0,0,0,0,0,0,0,0,0,0,0,0,0,26,1,0,true
/work/Papiere/finegrained-traceability/datasets/eANCI/code/AccessManager.java,Manager.AccessManager,"modificaAccesso/2[java.lang.String,Bean.Accesso]",false,53,2,1,1,3,1,0,2,1,0,0,0,0,0,0,0,0,0,0,0,0,0,0,5,1,0,false
/work/Papiere/finegrained-traceability/datasets/eANCI/code/AccessManager.java,Manager.AccessManager,eliminaAccesso/1[java.lang.String],false,72,1,1,1,3,1,0,1,1,0,0,0,0,0,0,0,0,0,0,0,0,0,0,30,1,0,true
/work/Papiere/finegrained-traceability/datasets/eANCI/code/AccessManager.java,Manager.AccessManager,getAccesso/1[java.lang.String],false,49,2,1,1,3,1,0,1,1,0,0,0,0,0,0,0,0,0,0,0,0,0,0,25,1,0,true
/work/Papiere/finegrained-traceability/datasets/eANCI/code/Accesso.java,Bean.Accesso,getPassword/0,false,50,0,1,0,3,1,0,0,0,0,0,0,0,0,0,0,0,0,0,0,0,0,0,7,1,0,true
/work/Papiere/finegrained-traceability/datasets/eANCI/code/Accesso.java,Bean.Accesso,toString/0,false,78,0,1,0,3,1,0,0,0,0,0,0,0,0,0,3,0,0,1,0,0,0,0,16,1,0,true
/work/Papiere/finegrained-traceability/datasets/eANCI/code/Accesso.java,Bean.Accesso,"Accesso/3[java.lang.String,java.lang.String,java.lang.String]",true,27,0,1,0,5,0,0,3,0,0,0,0,0,0,0,0,0,3,0,0,0,0,0,7,1,0,true
/work/Papiere/finegrained-traceability/datasets/eANCI/code/Accesso.java,Bean.Accesso,setTipo/1[java.lang.String],false,71,0,1,0,3,0,0,1,0,0,0,0,0,0,0,0,0,1,0,0,0,0,0,10,1,0,true
/work/Papiere/finegrained-traceability/datasets/eANCI/code/Accesso.java,Bean.Accesso,setLogin/1[java.lang.String],false,43,0,1,0,3,0,0,1,0,0,0,0,0,0,0,0,0,1,0,0,0,0,0,7,1,0,true
/work/Papiere/finegrained-traceability/datasets/eANCI/code/Accesso.java,Bean.Accesso,getLogin/0,false,36,0,1,0,3,1,0,0,0,0,0,0,0,0,0,0,0,0,0,0,0,0,0,7,1,0,true
/work/Papiere/finegrained-traceability/datasets/eANCI/code/Accesso.java,Bean.Accesso,setPassword/1[java.lang.String],false,57,0,1,0,3,0,0,1,0,0,0,0,0,0,0,0,0,1,0,0,0,0,0,7,1,0,true
/work/Papiere/finegrained-traceability/datasets/eANCI/code/Accesso.java,Bean.Accesso,getTipo/0,false,64,0,1,0,3,1,0,0,0,0,0,0,0,0,0,0,0,0,0,0,0,0,0,10,1,0,true
/work/Papiere/finegrained-traceability/datasets/eANCI/code/Accesso.java,Bean.Accesso,Accesso/0,true,16,0,1,0,5,0,0,0,0,0,0,0,0,0,0,0,0,3,0,0,0,0,0,9,1,0,true
/work/Papiere/finegrained-traceability/datasets/eANCI/code/AdminManager.java,Manager.AdminManager,inserisciAdmin/1[Bean.Amministratore],false,48,2,1,1,3,1,0,1,1,0,0,0,0,0,0,0,0,0,0,0,0,0,0,30,1,0,true
/work/Papiere/finegrained-traceability/datasets/eANCI/code/AdminManager.java,Manager.AdminManager,getAmministratoreByLogin/1[java.lang.String],false,76,2,1,1,3,1,0,1,1,0,0,0,0,0,0,0,0,0,0,0,0,0,0,27,1,0,true
/work/Papiere/finegrained-traceability/datasets/eANCI/code/AdminManager.java,Manager.AdminManager,AdminManager/0,true,18,1,1,0,3,0,0,0,0,0,0,0,0,0,0,0,0,1,0,0,0,0,0,9,1,0,true
/work/Papiere/finegrained-traceability/datasets/eANCI/code/AdminManager.java,Manager.AdminManager,"modificaAdmin/2[java.lang.String,Bean.Amministratore]",false,28,2,1,1,3,1,0,2,1,0,0,0,0,0,0,0,0,0,0,0,0,0,0,33,1,0,true
/work/Papiere/finegrained-traceability/datasets/eANCI/code/AdminManager.java,Manager.AdminManager,ricercaAdminByMatricola/1[java.lang.String],false,38,2,1,1,3,1,0,1,1,0,0,0,0,0,0,0,0,0,0,0,0,0,0,28,1,0,true
/work/Papiere/finegrained-traceability/datasets/eANCI/code/AdminManager.java,Manager.AdminManager,eliminaAmministratore/1[java.lang.String],false,58,2,3,3,8,3,1,1,3,0,0,0,0,0,0,3,1,1,0,2,0,0,0,29,1,0,true
/work/Papiere/finegrained-traceability/datasets/eANCI/code/AdminManager.java,Manager.AdminManager,"getAmministratoreByName/2[java.lang.String,java.lang.String]",false,86,2,1,1,3,1,0,2,1,0,0,0,0,0,0,0,0,0,0,0,0,0,0,32,1,0,true
/work/Papiere/finegrained-traceability/datasets/eANCI/code/AdminManager.java,Manager.AdminManager,getAmministratori/0,false,94,2,1,1,3,1,0,0,1,0,0,0,0,0,0,0,0,0,0,0,0,0,0,15,1,0,true
/work/Papiere/finegrained-traceability/datasets/eANCI/code/Amministratore.java,Bean.Amministratore,"Amministratore/5[java.lang.String,java.lang.String,java.lang.String,java.lang.String,java.lang.String]",true,33,0,1,0,7,0,0,5,0,0,0,0,0,0,0,0,0,5,0,0,0,0,0,9,1,0,true
/work/Papiere/finegrained-traceability/datasets/eANCI/code/Amministratore.java,Bean.Amministratore,setLogin/1[java.lang.String],false,107,0,1,0,3,0,0,1,0,0,0,0,0,0,0,0,0,1,0,0,0,0,0,7,1,0,true
/work/Papiere/finegrained-traceability/datasets/eANCI/code/Amministratore.java,Bean.Amministratore,toString/0,false,114,0,1,0,3,1,0,0,0,0,0,0,0,0,0,5,0,0,1,0,0,0,0,19,1,0,true
/work/Papiere/finegrained-traceability/datasets/eANCI/code/Amministratore.java,Bean.Amministratore,getEmail/0,false,86,0,1,0,3,1,0,0,0,0,0,0,0,0,0,0,0,0,0,0,0,0,0,6,1,0,true
/work/Papiere/finegrained-traceability/datasets/eANCI/code/Amministratore.java,Bean.Amministratore,setMatricola/1[java.lang.String],false,79,0,1,0,3,0,0,1,0,0,0,0,0,0,0,0,0,1,0,0,0,0,0,7,1,0,true
/work/Papiere/finegrained-traceability/datasets/eANCI/code/Amministratore.java,Bean.Amministratore,getMatricola/0,false,72,0,1,0,3,1,0,0,0,0,0,0,0,0,0,0,0,0,0,0,0,0,0,7,1,0,true
/work/Papiere/finegrained-traceability/datasets/eANCI/code/Amministratore.java,Bean.Amministratore,getNome/0,false,44,0,1,0,3,1,0,0,0,0,0,0,0,0,0,0,0,0,0,0,0,0,0,7,1,0,true
/work/Papiere/finegrained-traceability/datasets/eANCI/code/Amministratore.java,Bean.Amministratore,getCognome/0,false,58,0,1,0,3,1,0,0,0,0,0,0,0,0,0,0,0,0,0,0,0,0,0,7,1,0,true
/work/Papiere/finegrained-traceability/datasets/eANCI/code/Amministratore.java,Bean.Amministratore,setNome/1[java.lang.String],false,51,0,1,0,3,0,0,1,0,0,0,0,0,0,0,0,0,1,0,0,0,0,0,7,1,0,true
/work/Papiere/finegrained-traceability/datasets/eANCI/code/Amministratore.java,Bean.Amministratore,setCognome/1[java.lang.String],false,65,0,1,0,3,0,0,1,0,0,0,0,0,0,0,0,0,1,0,0,0,0,0,7,1,0,true
/work/Papiere/finegrained-traceability/datasets/eANCI/code/Amministratore.java,Bean.Amministratore,Amministratore/0,true,18,0,1,0,7,0,0,0,0,0,0,0,0,0,0,0,0,5,0,0,0,0,0,11,1,0,true
/work/Papiere/finegrained-traceability/datasets/eANCI/code/Amministratore.java,Bean.Amministratore,setEmail/1[java.lang.String],false,93,0,1,0,3,0,0,1,0,0,0,0,0,0,0,0,0,1,0,0,0,0,0,7,1,0,true
/work/Papiere/finegrained-traceability/datasets/eANCI/code/Amministratore.java,Bean.Amministratore,getLogin/0,false,100,0,1,0,3,1,0,0,0,0,0,0,0,0,0,0,0,0,0,0,0,0,0,7,1,0,true
/work/Papiere/finegrained-traceability/datasets/eANCI/code/CartaIdentita.java,Bean.CartaIdentita,isValidaEspatrio/0,false,211,0,1,0,3,1,0,0,0,0,0,0,0,0,0,0,0,0,0,0,0,0,0,3,1,0,false
/work/Papiere/finegrained-traceability/datasets/eANCI/code/CartaIdentita.java,Bean.CartaIdentita,getCittadinanza/0,false,139,0,1,0,3,1,0,0,0,0,0,0,0,0,0,0,0,0,0,0,0,0,0,2,1,0,false
/work/Papiere/finegrained-traceability/datasets/eANCI/code/CartaIdentita.java,Bean.CartaIdentita,getProfessione/0,false,169,0,1,0,3,1,0,0,0,0,0,0,0,0,0,0,0,0,0,0,0,0,0,2,1,0,false
/work/Papiere/finegrained-traceability/datasets/eANCI/code/CartaIdentita.java,Bean.CartaIdentita,getDataScadenza/0,false,205,0,1,0,3,1,0,0,0,0,0,0,0,0,0,0,0,0,0,0,0,0,0,4,1,0,false
/work/Papiere/finegrained-traceability/datasets/eANCI/code/CartaIdentita.java,Bean.CartaIdentita,setStatura/1[double],false,172,0,1,0,3,0,0,1,0,0,0,0,0,0,0,0,0,1,0,0,0,0,0,3,1,0,false
/work/Papiere/finegrained-traceability/datasets/eANCI/code/CartaIdentita.java,Bean.CartaIdentita,getNumCivico/0,false,154,0,1,0,3,1,0,0,0,0,0,0,0,0,0,0,0,0,0,0,0,0,0,5,1,0,false
/work/Papiere/finegrained-traceability/datasets/eANCI/code/CartaIdentita.java,Bean.CartaIdentita,toString/0,false,216,1,1,16,7,1,2,0,16,12,1,0,0,0,0,32,4,4,1,0,0,0,0,32,1,0,false
/work/Papiere/finegrained-traceability/datasets/eANCI/code/CartaIdentita.java,Bean.CartaIdentita,setValiditaEspatrio/1[boolean],false,208,0,1,0,3,0,0,1,0,0,0,0,0,0,0,0,0,1,0,0,0,0,0,5,1,0,false
/work/Papiere/finegrained-traceability/datasets/eANCI/code/CartaIdentita.java,Bean.CartaIdentita,setVia/1[java.lang.String],false,148,0,1,0,3,0,0,1,0,0,0,0,0,0,0,0,0,1,0,0,0,0,0,3,1,0,false
/work/Papiere/finegrained-traceability/datasets/eANCI/code/CartaIdentita.java,Bean.CartaIdentita,setSegniParticolari/1[java.lang.String],false,193,0,1,0,3,0,0,1,0,0,0,0,0,0,0,0,0,1,0,0,0,0,0,5,1,0,false
/work/Papiere/finegrained-traceability/datasets/eANCI/code/CartaIdentita.java,Bean.CartaIdentita,setProfessione/1[java.lang.String],false,166,0,1,0,3,0,0,1,0,0,0,0,0,0,0,0,0,1,0,0,0,0,0,3,1,0,false
/work/Papiere/finegrained-traceability/datasets/eANCI/code/CartaIdentita.java,Bean.CartaIdentita,setOcchi/1[java.lang.String],false,184,0,1,0,3,0,0,1,0,0,0,0,0,0,0,0,0,1,0,0,0,0,0,3,1,0,false
/work/Papiere/finegrained-traceability/datasets/eANCI/code/CartaIdentita.java,Bean.CartaIdentita,getVia/0,false,151,0,1,0,3,1,0,0,0,0,0,0,0,0,0,0,0,0,0,0,0,0,0,2,1,0,false
/work/Papiere/finegrained-traceability/datasets/eANCI/code/CartaIdentita.java,Bean.CartaIdentita,getDataRilascio/0,false,199,0,1,0,3,1,0,0,0,0,0,0,0,0,0,0,0,0,0,0,0,0,0,4,1,0,false
/work/Papiere/finegrained-traceability/datasets/eANCI/code/CartaIdentita.java,Bean.CartaIdentita,getSegniParticolari/0,false,190,0,1,0,3,1,0,0,0,0,0,0,0,0,0,0,0,0,0,0,0,0,0,3,1,0,false
/work/Papiere/finegrained-traceability/datasets/eANCI/code/CartaIdentita.java,Bean.CartaIdentita,setCittadinanza/1[java.lang.String],false,136,0,1,0,3,0,0,1,0,0,0,0,0,0,0,0,0,1,0,0,0,0,0,3,1,0,false
/work/Papiere/finegrained-traceability/datasets/eANCI/code/CartaIdentita.java,Bean.CartaIdentita,setDataRilascio/1[java.util.Date],false,196,0,1,0,3,0,0,1,0,0,0,0,0,0,0,0,0,1,0,0,0,0,0,5,1,0,false
/work/Papiere/finegrained-traceability/datasets/eANCI/code/CartaIdentita.java,Bean.CartaIdentita,setDataScadenza/1[java.util.Date],false,202,0,1,0,3,0,0,1,0,0,0,0,0,0,0,0,0,1,0,0,0,0,0,5,1,0,false
/work/Papiere/finegrained-traceability/datasets/eANCI/code/CartaIdentita.java,Bean.CartaIdentita,getResidenza/0,false,142,0,1,0,3,1,0,0,0,0,0,0,0,0,0,0,0,0,0,0,0,0,0,2,1,0,false
/work/Papiere/finegrained-traceability/datasets/eANCI/code/CartaIdentita.java,Bean.CartaIdentita,CartaIdentita/0,true,36,0,1,0,16,0,0,0,0,0,0,0,0,0,0,0,2,14,0,0,0,0,0,7,1,0,true
/work/Papiere/finegrained-traceability/datasets/eANCI/code/CartaIdentita.java,Bean.CartaIdentita,"CartaIdentita/17[java.lang.String,java.lang.String,java.lang.String,java.util.Date,java.lang.String,java.lang.String,java.lang.String,int,java.lang.String,java.lang.String,double,java.lang.String,java.lang.String,java.lang.String,java.util.Date,java.util.Date,boolean]",true,97,0,1,0,16,0,0,17,0,0,0,0,0,0,0,0,0,14,0,0,0,0,0,39,1,0,true
/work/Papiere/finegrained-traceability/datasets/eANCI/code/CartaIdentita.java,Bean.CartaIdentita,getCapelli/0,false,181,0,1,0,3,1,0,0,0,0,0,0,0,0,0,0,0,0,0,0,0,0,0,2,1,0,false
/work/Papiere/finegrained-traceability/datasets/eANCI/code/CartaIdentita.java,Bean.CartaIdentita,getNumero/0,false,132,0,1,0,3,1,0,0,0,0,0,0,0,0,0,0,0,0,0,0,0,0,0,2,1,0,false
/work/Papiere/finegrained-traceability/datasets/eANCI/code/CartaIdentita.java,Bean.CartaIdentita,getStatura/0,false,175,0,1,0,3,1,0,0,0,0,0,0,0,0,0,0,0,0,0,0,0,0,0,2,1,0,false
/work/Papiere/finegrained-traceability/datasets/eANCI/code/CartaIdentita.java,Bean.CartaIdentita,setCapelli/1[java.lang.String],false,178,0,1,0,3,0,0,1,0,0,0,0,0,0,0,0,0,1,0,0,0,0,0,3,1,0,false
/work/Papiere/finegrained-traceability/datasets/eANCI/code/CartaIdentita.java,Bean.CartaIdentita,setStatoCivile/1[java.lang.String],false,160,0,1,0,3,0,0,1,0,0,0,0,0,0,0,0,0,1,0,0,0,0,0,4,1,0,false
/work/Papiere/finegrained-traceability/datasets/eANCI/code/CartaIdentita.java,Bean.CartaIdentita,setResidenza/1[java.lang.String],false,145,0,1,0,3,0,0,1,0,0,0,0,0,0,0,0,0,1,0,0,0,0,0,3,1,0,false
/work/Papiere/finegrained-traceability/datasets/eANCI/code/CartaIdentita.java,Bean.CartaIdentita,id/0,false,126,0,1,0,3,1,0,0,0,0,0,0,0,0,0,0,0,0,0,0,0,0,0,2,1,0,false
/work/Papiere/finegrained-traceability/datasets/eANCI/code/CartaIdentita.java,Bean.CartaIdentita,setNumCivico/1[int],false,157,0,1,0,3,0,0,1,0,0,0,0,0,0,0,0,0,1,0,0,0,0,0,6,1,0,false
/work/Papiere/finegrained-traceability/datasets/eANCI/code/CartaIdentita.java,Bean.CartaIdentita,"CartaIdentita/15[java.lang.String,int,java.lang.String,java.lang.String,java.lang.String,int,java.lang.String,java.lang.String,double,java.lang.String,java.lang.String,java.lang.String,java.util.Date,java.util.Date,boolean]",true,71,0,1,0,17,0,0,15,0,0,0,0,0,0,0,0,0,15,0,0,0,0,0,28,1,0,true
/work/Papiere/finegrained-traceability/datasets/eANCI/code/CartaIdentita.java,Bean.CartaIdentita,setNumero/1[java.lang.String],false,129,0,1,0,3,0,0,1,0,0,0,0,0,0,0,0,0,1,0,0,0,0,0,3,1,0,false
/work/Papiere/finegrained-traceability/datasets/eANCI/code/CartaIdentita.java,Bean.CartaIdentita,getStatoCivile/0,false,163,0,1,0,3,1,0,0,0,0,0,0,0,0,0,0,0,0,0,0,0,0,0,3,1,0,false
/work/Papiere/finegrained-traceability/datasets/eANCI/code/CartaIdentita.java,Bean.CartaIdentita,getOcchi/0,false,187,0,1,0,3,1,0,0,0,0,0,0,0,0,0,0,0,0,0,0,0,0,0,2,1,0,false
/work/Papiere/finegrained-traceability/datasets/eANCI/code/CIManager.java,Manager.CIManager,CIManager/0,true,15,1,1,0,3,0,0,0,0,0,0,0,0,0,0,0,0,1,0,0,0,0,0,11,1,0,true
/work/Papiere/finegrained-traceability/datasets/eANCI/code/CIManager.java,Manager.CIManager,getCartaByIdCStri/1[int],false,29,2,1,1,3,1,0,1,1,0,0,0,0,0,0,0,0,0,0,0,0,0,0,10,1,0,false
/work/Papiere/finegrained-traceability/datasets/eANCI/code/CIManager.java,Manager.CIManager,getCartaByNumero/1[java.lang.String],false,25,2,1,1,3,1,0,1,1,0,0,0,0,0,0,0,0,0,0,0,0,0,0,33,1,0,true
/work/Papiere/finegrained-traceability/datasets/eANCI/code/Cittadino.java,Bean.Cittadino,setLogin/1[java.lang.String],false,75,0,1,0,3,0,0,1,0,0,0,0,0,0,0,0,0,1,0,0,0,0,0,3,1,0,false
/work/Papiere/finegrained-traceability/datasets/eANCI/code/Cittadino.java,Bean.Cittadino,getCognome/0,false,84,0,1,0,3,1,0,0,0,0,0,0,0,0,0,0,0,0,0,0,0,0,0,2,1,0,false
/work/Papiere/finegrained-traceability/datasets/eANCI/code/Cittadino.java,Bean.Cittadino,setEmail/1[java.lang.String],false,111,0,1,0,3,0,0,1,0,0,0,0,0,0,0,0,0,1,0,0,0,0,0,3,1,0,false
/work/Papiere/finegrained-traceability/datasets/eANCI/code/Cittadino.java,Bean.Cittadino,setIdCittadino/1[int],false,81,0,1,0,3,0,0,1,0,0,0,0,0,0,0,0,0,1,0,0,0,0,0,4,1,0,false
/work/Papiere/finegrained-traceability/datasets/eANCI/code/Cittadino.java,Bean.Cittadino,getDataNascita/0,false,96,0,1,0,3,1,0,0,0,0,0,0,0,0,0,0,0,0,0,0,0,0,0,4,1,0,false
/work/Papiere/finegrained-traceability/datasets/eANCI/code/Cittadino.java,Bean.Cittadino,getCodiceFiscale/0,false,128,0,1,0,3,1,0,0,0,0,0,0,0,0,0,0,0,0,0,0,0,0,0,3,1,0,false
/work/Papiere/finegrained-traceability/datasets/eANCI/code/Cittadino.java,Bean.Cittadino,setCognome/1[java.lang.String],false,87,0,1,0,3,0,0,1,0,0,0,0,0,0,0,0,0,1,0,0,0,0,0,3,1,0,false
/work/Papiere/finegrained-traceability/datasets/eANCI/code/Cittadino.java,Bean.Cittadino,setNome/1[java.lang.String],false,93,0,1,0,3,0,0,1,0,0,0,0,0,0,0,0,0,1,0,0,0,0,0,3,1,0,false
/work/Papiere/finegrained-traceability/datasets/eANCI/code/Cittadino.java,Bean.Cittadino,isAdvertise/0,false,114,0,1,0,3,1,0,0,0,0,0,0,0,0,0,0,0,0,0,0,0,0,0,2,1,0,false
/work/Papiere/finegrained-traceability/datasets/eANCI/code/Cittadino.java,Bean.Cittadino,getLuogoNascita/0,false,105,0,1,0,3,1,0,0,0,0,0,0,0,0,0,0,0,0,0,0,0,0,0,3,1,0,false
/work/Papiere/finegrained-traceability/datasets/eANCI/code/Cittadino.java,Bean.Cittadino,setDataNascita/1[java.util.Date],false,99,0,1,0,3,0,0,1,0,0,0,0,0,0,0,0,0,1,0,0,0,0,0,5,1,0,false
/work/Papiere/finegrained-traceability/datasets/eANCI/code/Cittadino.java,Bean.Cittadino,setNucleoFamiliare/1[int],false,121,0,1,0,3,0,0,1,0,0,0,0,0,0,0,0,0,1,0,0,0,0,0,5,1,0,false
/work/Papiere/finegrained-traceability/datasets/eANCI/code/Cittadino.java,Bean.Cittadino,"Cittadino/5[java.lang.String,java.lang.String,java.lang.String,java.lang.String,java.lang.String]",true,38,1,1,3,7,0,0,5,3,0,0,0,0,0,0,0,0,2,0,0,0,0,0,6,1,0,false
/work/Papiere/finegrained-traceability/datasets/eANCI/code/Cittadino.java,Bean.Cittadino,getIdCittadino/0,false,78,0,1,0,3,1,0,0,0,0,0,0,0,0,0,0,0,0,0,0,0,0,0,4,1,0,false
/work/Papiere/finegrained-traceability/datasets/eANCI/code/Cittadino.java,Bean.Cittadino,setIsAdvertise/1[boolean],false,117,0,1,0,3,0,0,1,0,0,0,0,0,0,0,0,0,1,0,0,0,0,0,4,1,0,false
/work/Papiere/finegrained-traceability/datasets/eANCI/code/Cittadino.java,Bean.Cittadino,Cittadino/0,true,26,0,1,0,10,0,0,0,0,0,0,0,0,0,0,6,0,8,0,0,0,0,0,6,1,0,true
/work/Papiere/finegrained-traceability/datasets/eANCI/code/Cittadino.java,Bean.Cittadino,setLuogoNascita/1[java.lang.String],false,102,0,1,0,3,0,0,1,0,0,0,0,0,0,0,0,0,1,0,0,0,0,0,4,1,0,false
/work/Papiere/finegrained-traceability/datasets/eANCI/code/Cittadino.java,Bean.Cittadino,getLogin/0,false,72,0,1,0,3,1,0,0,0,0,0,0,0,0,0,0,0,0,0,0,0,0,0,2,1,0,false
/work/Papiere/finegrained-traceability/datasets/eANCI/code/Cittadino.java,Bean.Cittadino,getNucleoFamiliare/0,false,125,0,1,0,3,1,0,0,0,0,0,0,0,0,0,0,0,0,0,0,0,0,0,4,1,0,false
/work/Papiere/finegrained-traceability/datasets/eANCI/code/Cittadino.java,Bean.Cittadino,"Cittadino/10[int,java.lang.String,java.lang.String,java.lang.String,java.util.Date,java.lang.String,java.lang.String,boolean,int,java.lang.String]",true,60,0,1,0,12,0,0,10,0,0,0,0,0,0,0,0,0,10,0,0,0,0,0,27,1,0,true
/work/Papiere/finegrained-traceability/datasets/eANCI/code/Cittadino.java,Bean.Cittadino,"Cittadino/6[int,java.lang.String,java.lang.String,java.lang.String,java.util.Date,java.lang.String]",true,45,0,1,0,8,0,0,6,0,0,0,0,0,0,0,0,0,6,0,0,0,0,0,7,1,0,false
/work/Papiere/finegrained-traceability/datasets/eANCI/code/Cittadino.java,Bean.Cittadino,getEmail/0,false,108,0,1,0,3,1,0,0,0,0,0,0,0,0,0,0,0,0,0,0,0,0,0,2,1,0,false
/work/Papiere/finegrained-traceability/datasets/eANCI/code/Cittadino.java,Bean.Cittadino,getNome/0,false,90,0,1,0,3,1,0,0,0,0,0,0,0,0,0,0,0,0,0,0,0,0,0,2,1,0,false
/work/Papiere/finegrained-traceability/datasets/eANCI/code/Cittadino.java,Bean.Cittadino,toString/0,false,134,1,1,8,3,1,0,0,8,8,1,0,0,0,0,16,0,0,1,0,0,0,0,18,1,0,false
/work/Papiere/finegrained-traceability/datasets/eANCI/code/Cittadino.java,Bean.Cittadino,setCodiceFiscale/1[java.lang.String],false,131,0,1,0,3,0,0,1,0,0,0,0,0,0,0,0,0,1,0,0,0,0,0,5,1,0,false
/work/Papiere/finegrained-traceability/datasets/eANCI/code/CittadinoManager.java,Manager.CittadinoManager,getCittadinoById/1[int],false,91,2,1,1,3,1,0,1,1,0,0,0,0,0,0,0,0,0,0,0,0,0,0,35,1,0,true
/work/Papiere/finegrained-traceability/datasets/eANCI/code/CittadinoManager.java,Manager.CittadinoManager,"modificaLogin/2[int,java.lang.String]",false,39,1,1,1,3,1,0,2,1,0,0,0,0,0,0,0,0,0,0,0,0,0,0,32,1,0,true
/work/Papiere/finegrained-traceability/datasets/eANCI/code/CittadinoManager.java,Manager.CittadinoManager,"ricercaCittadino/2[java.lang.String,java.lang.String]",false,71,2,1,1,3,1,0,2,1,0,0,0,0,0,0,0,0,0,0,0,0,0,0,35,1,0,true
/work/Papiere/finegrained-traceability/datasets/eANCI/code/CittadinoManager.java,Manager.CittadinoManager,"modificaCognome/2[int,java.lang.String]",false,124,1,1,1,3,1,0,2,1,0,0,0,0,0,0,0,0,0,0,0,0,0,0,33,1,0,true
/work/Papiere/finegrained-traceability/datasets/eANCI/code/CittadinoManager.java,Manager.CittadinoManager,getCittadinoByLogin/1[java.lang.String],false,29,2,1,1,3,1,0,1,1,0,0,0,0,0,0,0,0,0,0,0,0,0,0,32,1,0,true
/work/Papiere/finegrained-traceability/datasets/eANCI/code/CittadinoManager.java,Manager.CittadinoManager,"modificaEmail/2[int,java.lang.String]",false,50,1,1,1,3,1,0,2,1,0,0,0,0,0,0,0,0,0,0,0,0,0,0,35,1,0,true
/work/Papiere/finegrained-traceability/datasets/eANCI/code/CittadinoManager.java,Manager.CittadinoManager,"modificaNucleoFamiliare/2[int,int]",false,102,1,1,1,3,1,0,2,1,0,0,0,0,0,0,0,0,0,0,0,0,0,0,30,1,0,true
/work/Papiere/finegrained-traceability/datasets/eANCI/code/CittadinoManager.java,Manager.CittadinoManager,"modificaNome/2[int,java.lang.String]",false,113,1,1,1,3,1,0,2,1,0,0,0,0,0,0,0,0,0,0,0,0,0,0,33,1,0,true
/work/Papiere/finegrained-traceability/datasets/eANCI/code/CittadinoManager.java,Manager.CittadinoManager,inserisciCittadino/1[Bean.Cittadino],false,60,2,1,1,3,1,0,1,1,0,0,0,0,0,0,0,0,0,0,0,0,0,0,20,1,0,true
/work/Papiere/finegrained-traceability/datasets/eANCI/code/CittadinoManager.java,Manager.CittadinoManager,cancellaCittadino/1[int],false,81,1,1,1,3,1,0,1,1,0,0,0,0,0,0,0,0,0,0,0,0,0,0,28,1,0,true
/work/Papiere/finegrained-traceability/datasets/eANCI/code/CittadinoManager.java,Manager.CittadinoManager,CittadinoManager/0,true,19,1,1,0,3,0,0,0,0,0,0,0,0,0,0,0,0,1,0,0,0,0,0,10,1,0,true
/work/Papiere/finegrained-traceability/datasets/eANCI/code/Comune.java,Bean.Comune,setNome/1[java.lang.String],false,52,0,1,0,4,1,0,1,0,0,0,0,0,0,0,0,0,1,0,0,0,0,0,14,1,0,true
/work/Papiere/finegrained-traceability/datasets/eANCI/code/Comune.java,Bean.Comune,getIndirizzoId/0,false,63,0,1,0,3,1,0,0,0,0,0,0,0,0,0,0,0,0,0,0,0,0,0,12,1,0,true
/work/Papiere/finegrained-traceability/datasets/eANCI/code/Comune.java,Bean.Comune,getNome/0,false,41,0,1,0,3,1,0,0,0,0,0,0,0,0,0,0,0,0,0,0,0,0,0,12,1,0,true
/work/Papiere/finegrained-traceability/datasets/eANCI/code/Comune.java,Bean.Comune,"Comune/2[java.lang.String,java.lang.String]",true,30,0,1,0,4,0,0,2,0,0,0,0,0,0,0,0,0,2,0,0,0,0,0,10,1,0,true
/work/Papiere/finegrained-traceability/datasets/eANCI/code/Comune.java,Bean.Comune,Comune/0,true,19,0,1,0,2,0,0,0,0,0,0,0,0,0,0,0,0,0,0,0,0,0,0,3,1,0,true
/work/Papiere/finegrained-traceability/datasets/eANCI/code/Comune.java,Bean.Comune,setIndirizzoId/1[java.lang.String],false,74,0,1,0,4,1,0,1,0,0,0,0,0,0,0,0,0,1,0,0,0,0,0,17,1,0,true
/work/Papiere/finegrained-traceability/datasets/eANCI/code/ControllerFiles.java,Servlet.ControllerFiles,"doPost/2[Servlet.HttpServletRequest,Servlet.HttpServletResponse]",false,15,5,5,15,36,0,11,2,15,0,0,1,0,2,0,9,2,12,3,3,0,0,0,37,1,0,false
/work/Papiere/finegrained-traceability/datasets/eANCI/code/DbAccesso.java,DB.DbAccesso,getAccessi/0,false,164,2,7,8,29,2,6,0,8,0,0,1,2,2,0,6,0,8,0,3,0,0,0,36,1,0,true
/work/Papiere/finegrained-traceability/datasets/eANCI/code/DbAccesso.java,DB.DbAccesso,inserisciAccesso/1[Bean.Accesso],false,43,2,5,7,26,1,5,1,7,0,0,0,2,2,1,3,5,7,0,3,0,0,0,43,1,0,true
/work/Papiere/finegrained-traceability/datasets/eANCI/code/DbAccesso.java,DB.DbAccesso,eliminaAccesso/1[java.lang.String],false,84,1,5,4,21,1,2,1,4,0,0,0,2,2,1,3,3,4,0,3,0,0,0,42,1,0,true
/work/Papiere/finegrained-traceability/datasets/eANCI/code/DbAccesso.java,DB.DbAccesso,controllaLogin/1[java.lang.String],false,212,1,5,6,24,1,3,1,6,0,0,0,2,2,0,3,1,6,0,3,0,0,0,43,1,0,true
/work/Papiere/finegrained-traceability/datasets/eANCI/code/DbAccesso.java,DB.DbAccesso,getAccesso/1[java.lang.String],false,120,2,6,7,28,2,6,1,7,0,0,0,2,2,0,6,1,9,0,3,0,0,0,41,1,0,true
/work/Papiere/finegrained-traceability/datasets/eANCI/code/DbAccesso.java,DB.DbAccesso,"modificaAccesso/2[java.lang.String,Bean.Accesso]",false,295,2,5,7,27,1,5,2,7,0,0,0,2,2,1,3,6,7,0,3,0,0,0,41,1,0,true
/work/Papiere/finegrained-traceability/datasets/eANCI/code/DbAccesso.java,DB.DbAccesso,"controllaAccesso/2[java.lang.String,java.lang.String]",false,254,1,5,6,25,1,3,2,6,0,0,0,2,2,0,3,2,6,0,3,0,0,0,52,1,0,true
/work/Papiere/finegrained-traceability/datasets/eANCI/code/DbAccesso.java,DB.DbAccesso,DbAccesso/0,true,24,2,2,1,8,0,0,0,1,0,0,0,0,1,0,1,0,1,0,1,0,0,0,10,1,0,false
/work/Papiere/finegrained-traceability/datasets/eANCI/code/DbAmministratore.java,DB.DbAmministratore,getAmministratori/0,false,216,2,7,8,31,2,8,0,8,0,0,1,2,2,0,8,0,10,0,3,0,0,0,38,1,0,true
/work/Papiere/finegrained-traceability/datasets/eANCI/code/DbAmministratore.java,DB.DbAmministratore,inserisciAmministratore/1[Bean.Amministratore],false,37,2,5,9,30,1,7,1,9,0,0,0,2,2,1,3,7,9,0,3,0,0,0,47,1,0,true
/work/Papiere/finegrained-traceability/datasets/eANCI/code/DbAmministratore.java,DB.DbAmministratore,eliminaAmministratore/1[java.lang.String],false,82,1,5,4,21,1,2,1,4,0,0,0,2,2,1,3,3,4,0,3,0,0,0,41,1,0,true
/work/Papiere/finegrained-traceability/datasets/eANCI/code/DbAmministratore.java,DB.DbAmministratore,getAmministratoreByLogin/1[java.lang.String],false,266,2,6,7,30,2,8,1,7,0,0,0,2,2,0,8,1,11,0,3,0,0,0,47,1,0,true
/work/Papiere/finegrained-traceability/datasets/eANCI/code/DbAmministratore.java,DB.DbAmministratore,DbAmministratore/0,true,18,2,2,1,8,0,0,0,1,0,0,0,0,1,0,1,0,1,0,1,0,0,0,10,1,0,false
/work/Papiere/finegrained-traceability/datasets/eANCI/code/DbAmministratore.java,DB.DbAmministratore,getAmministratoreByMatricola/1[java.lang.String],false,170,2,6,7,30,2,8,1,7,0,0,0,2,2,0,8,1,11,0,3,0,0,0,49,1,0,true
/work/Papiere/finegrained-traceability/datasets/eANCI/code/DbAmministratore.java,DB.DbAmministratore,"modificaAmministratore/2[java.lang.String,Bean.Amministratore]",false,313,2,5,9,31,1,7,2,9,0,0,0,2,2,1,3,8,9,0,3,0,0,0,46,1,0,true
/work/Papiere/finegrained-traceability/datasets/eANCI/code/DbAmministratore.java,DB.DbAmministratore,"getAmministratoreByName/2[java.lang.String,java.lang.String]",false,118,2,7,9,33,2,8,2,9,0,0,1,2,2,0,8,2,10,0,3,0,0,0,53,1,0,true
/work/Papiere/finegrained-traceability/datasets/eANCI/code/DbCambioResidenza.java,DB.DbCambioResidenza,changeResidence/1[java.lang.String],false,38,1,1,1,3,1,0,1,1,0,0,0,0,0,0,0,0,0,0,0,0,0,0,41,1,0,true
/work/Papiere/finegrained-traceability/datasets/eANCI/code/DbCambioResidenza.java,DB.DbCambioResidenza,"changeResidenceIn/3[java.lang.String,java.lang.String,int]",false,53,2,2,2,4,2,0,3,2,0,0,0,0,0,0,0,0,0,0,1,0,0,0,44,1,0,true
/work/Papiere/finegrained-traceability/datasets/eANCI/code/DbCambioResidenza.java,DB.DbCambioResidenza,DbCambioResidenza/0,true,19,2,2,1,8,0,0,0,1,0,0,0,0,1,0,1,0,1,0,1,0,0,0,11,1,0,false
/work/Papiere/finegrained-traceability/datasets/eANCI/code/DbCartaIdentita.java,DB.DbCartaIdentita,"modificaNumeroCivicoCartaIdentita/2[java.lang.String,int]",false,240,1,5,5,21,1,2,2,5,0,0,0,2,2,1,3,3,3,0,3,0,0,0,46,1,0,true
/work/Papiere/finegrained-traceability/datasets/eANCI/code/DbCartaIdentita.java,DB.DbCartaIdentita,registraCartaIdentita/1[Bean.CartaIdentita],false,134,2,6,25,50,1,16,1,25,0,0,0,2,2,1,3,22,18,4,3,0,0,0,64,1,0,true
/work/Papiere/finegrained-traceability/datasets/eANCI/code/DbCartaIdentita.java,DB.DbCartaIdentita,ricercaCartaIdentitaByProprietario/1[int],false,425,2,7,10,44,1,19,1,10,0,0,0,4,2,0,18,2,23,0,3,0,0,0,67,1,0,true
/work/Papiere/finegrained-traceability/datasets/eANCI/code/DbCartaIdentita.java,DB.DbCartaIdentita,"modificaDataScadenzaCartaIdentita/2[java.lang.String,java.util.Date]",false,350,1,5,8,21,1,2,2,8,0,0,0,2,2,1,3,5,3,2,3,0,0,0,48,1,0,true
/work/Papiere/finegrained-traceability/datasets/eANCI/code/DbCartaIdentita.java,DB.DbCartaIdentita,"modificaValidaEspatrio/2[java.lang.String,boolean]",false,386,1,6,5,24,1,3,2,5,0,0,0,3,2,1,3,5,5,0,3,0,0,0,49,1,0,true
/work/Papiere/finegrained-traceability/datasets/eANCI/code/DbCartaIdentita.java,DB.DbCartaIdentita,"modificaResidenzaCartaIdentita/3[java.lang.String,java.lang.String,int]",false,276,1,5,5,22,1,2,3,5,0,0,0,2,2,1,3,4,3,0,3,0,0,0,51,1,0,true
/work/Papiere/finegrained-traceability/datasets/eANCI/code/DbCartaIdentita.java,DB.DbCartaIdentita,"modificaDataRilascioCartaIdentita/2[java.lang.String,java.util.Date]",false,313,1,5,8,21,1,2,2,8,0,0,0,2,2,1,3,5,3,2,3,0,0,0,47,1,0,true
/work/Papiere/finegrained-traceability/datasets/eANCI/code/DbCartaIdentita.java,DB.DbCartaIdentita,DbCartaIdentita/0,true,20,2,2,1,8,0,0,0,1,0,0,0,0,1,0,1,0,1,0,1,0,0,0,11,1,0,false
/work/Papiere/finegrained-traceability/datasets/eANCI/code/DbCartaIdentita.java,DB.DbCartaIdentita,cancellaCartaIdentita/1[java.lang.String],false,99,1,5,4,20,1,2,1,4,0,0,0,2,2,1,3,2,3,0,3,0,0,0,48,1,0,true
/work/Papiere/finegrained-traceability/datasets/eANCI/code/DbCartaIdentita.java,DB.DbCartaIdentita,"modificaViaCartaIdentita/2[java.lang.String,java.lang.String]",false,204,1,5,4,21,1,2,2,4,0,0,0,2,2,1,3,3,3,0,3,0,0,0,48,1,0,true
/work/Papiere/finegrained-traceability/datasets/eANCI/code/DbCartaIdentita.java,DB.DbCartaIdentita,ricercaCartaIdentitaByNumero/1[java.lang.String],false,37,2,7,10,44,1,19,1,10,0,0,0,4,2,0,18,2,23,0,3,0,0,0,69,1,0,true
/work/Papiere/finegrained-traceability/datasets/eANCI/code/DbCittadino.java,DB.DbCittadino,modificaAdvertise/1[int],false,238,1,7,9,28,1,5,1,9,0,0,0,4,2,1,6,3,8,2,3,0,0,0,48,1,0,true
/work/Papiere/finegrained-traceability/datasets/eANCI/code/DbCittadino.java,DB.DbCittadino,registraCittadino/1[Bean.Cittadino],false,38,3,6,20,42,1,11,1,20,1,1,0,3,2,0,3,17,13,2,3,0,0,0,48,1,0,true
/work/Papiere/finegrained-traceability/datasets/eANCI/code/DbCittadino.java,DB.DbCittadino,getCittadinoByLogin/1[java.lang.String],false,480,2,7,9,39,1,14,1,9,0,0,0,4,2,0,13,2,18,0,3,0,0,0,63,1,0,true
/work/Papiere/finegrained-traceability/datasets/eANCI/code/DbCittadino.java,DB.DbCittadino,findCodiceFiscale/1[int],false,615,1,6,7,24,1,3,1,7,0,0,0,2,2,0,4,1,6,0,3,0,0,0,46,1,0,true
/work/Papiere/finegrained-traceability/datasets/eANCI/code/DbCittadino.java,DB.DbCittadino,DbCittadino/0,true,20,2,2,1,8,0,0,0,1,0,0,0,0,1,0,1,0,1,0,1,0,0,0,10,1,0,false
/work/Papiere/finegrained-traceability/datasets/eANCI/code/DbCittadino.java,DB.DbCittadino,"modificaEmailCittadino/2[int,java.lang.String]",false,204,1,5,5,20,1,1,2,5,0,0,0,2,2,1,3,3,2,0,3,0,0,0,44,1,0,true
/work/Papiere/finegrained-traceability/datasets/eANCI/code/DbCittadino.java,DB.DbCittadino,"modificaCodiceFiscaleCittadino/2[int,java.lang.String]",false,169,1,5,5,20,1,1,2,5,0,0,0,2,2,1,3,3,2,0,3,0,0,0,47,1,0,true
/work/Papiere/finegrained-traceability/datasets/eANCI/code/DbCittadino.java,DB.DbCittadino,cancellaCittadino/1[int],false,284,1,5,4,19,1,1,1,4,0,0,0,2,2,1,3,2,2,0,3,0,0,0,38,1,0,true
/work/Papiere/finegrained-traceability/datasets/eANCI/code/DbCittadino.java,DB.DbCittadino,getCittadinoByCodice/1[int],false,318,2,7,9,39,1,14,1,9,0,0,0,4,2,0,13,2,18,0,3,0,0,0,66,1,0,true
/work/Papiere/finegrained-traceability/datasets/eANCI/code/DbCittadino.java,DB.DbCittadino,"findIdCittadino/3[java.lang.String,java.lang.String,java.lang.String]",false,575,1,6,7,25,2,2,3,7,0,0,0,2,2,0,4,4,4,0,3,0,0,0,59,1,0,true
/work/Papiere/finegrained-traceability/datasets/eANCI/code/DbCittadino.java,DB.DbCittadino,"modificaNucleoFamiliareCittadino/2[int,int]",false,656,1,5,4,21,1,2,2,4,0,0,0,2,2,1,3,3,3,0,3,0,0,0,39,1,0,true
/work/Papiere/finegrained-traceability/datasets/eANCI/code/DbCittadino.java,DB.DbCittadino,"modificaCognomeCittadino/2[int,java.lang.String]",false,134,1,5,5,20,1,1,2,5,0,0,0,2,2,1,3,3,2,0,3,0,0,0,44,1,0,true
/work/Papiere/finegrained-traceability/datasets/eANCI/code/DbCittadino.java,DB.DbCittadino,"getCittadinoByName/2[java.lang.String,java.lang.String]",false,376,2,7,10,40,1,14,2,10,0,0,1,3,2,0,13,3,17,0,3,0,0,0,72,1,0,true
/work/Papiere/finegrained-traceability/datasets/eANCI/code/DbCittadino.java,DB.DbCittadino,"modificaLogin/2[int,java.lang.String]",false,434,1,6,6,22,1,2,2,6,0,0,0,3,2,1,3,3,3,0,3,0,0,0,45,1,0,true
/work/Papiere/finegrained-traceability/datasets/eANCI/code/DbCittadino.java,DB.DbCittadino,"modificaNomeCittadino/2[int,java.lang.String]",false,99,1,5,5,20,1,1,2,5,0,0,0,2,2,1,3,3,2,0,3,0,0,0,44,1,0,true
/work/Papiere/finegrained-traceability/datasets/eANCI/code/DbCittadino.java,DB.DbCittadino,maxID/0,false,536,1,6,6,22,1,2,0,6,0,0,0,2,2,0,5,0,4,0,3,0,0,0,33,2,0,true
/work/Papiere/finegrained-traceability/datasets/eANCI/code/DbComune.java,DB.DbComune,eliminaComune/1[java.lang.String],false,77,1,5,4,21,1,2,1,4,0,0,0,2,2,1,3,3,4,0,3,0,0,0,39,1,0,true
/work/Papiere/finegrained-traceability/datasets/eANCI/code/DbComune.java,DB.DbComune,getComuneByName/1[java.lang.String],false,113,2,6,7,27,2,5,1,7,0,0,0,2,2,0,5,1,8,0,3,0,0,0,45,1,0,true
/work/Papiere/finegrained-traceability/datasets/eANCI/code/DbComune.java,DB.DbComune,DbComune/0,true,19,2,2,1,8,0,0,0,1,0,0,0,0,1,0,1,0,1,0,1,0,0,0,10,1,0,false
/work/Papiere/finegrained-traceability/datasets/eANCI/code/DbComune.java,DB.DbComune,inserisciComune/1[Bean.Comune],false,38,2,5,6,24,1,4,1,6,0,0,0,2,2,1,3,4,6,0,3,0,0,0,43,1,0,true
/work/Papiere/finegrained-traceability/datasets/eANCI/code/DbConnection.java,DB.DbConnection,getConnection/0,false,61,0,1,1,3,1,0,0,1,0,0,0,0,0,0,0,0,0,0,0,0,0,0,18,41,0,true
/work/Papiere/finegrained-traceability/datasets/eANCI/code/DbConnection.java,DB.DbConnection,(initializer 1),false,25,2,4,2,15,0,0,0,2,2,1,0,0,1,0,3,0,0,0,1,0,0,0,30,8,0,false
/work/Papiere/finegrained-traceability/datasets/eANCI/code/DbConnection.java,DB.DbConnection,loadDbProperties/0,false,71,0,1,1,5,0,1,0,1,0,0,0,0,0,0,1,0,2,0,0,0,0,0,14,10,0,true
/work/Papiere/finegrained-traceability/datasets/eANCI/code/DbConnection.java,DB.DbConnection,closePool/0,false,82,0,1,1,3,0,0,0,1,0,0,0,0,0,0,0,0,0,0,0,0,0,0,9,1,0,true
/work/Papiere/finegrained-traceability/datasets/eANCI/code/DbConnection.java,DB.DbConnection,createPool/0,false,46,1,1,5,7,0,0,0,5,0,0,0,0,0,0,4,0,1,0,0,0,0,0,10,10,0,false
/work/Papiere/finegrained-traceability/datasets/eANCI/code/DbException.java,DB.DbException,DbException/1[java.lang.String],true,15,0,1,0,3,0,0,1,0,0,0,0,0,0,0,0,0,0,0,0,0,0,0,3,1,0,false
/work/Papiere/finegrained-traceability/datasets/eANCI/code/DbException.java,DB.DbException,DbException/0,true,12,0,1,0,2,0,0,0,0,0,0,0,0,0,0,0,0,0,0,0,0,0,0,2,1,0,false
/work/Papiere/finegrained-traceability/datasets/eANCI/code/DbImpiegato.java,DB.DbImpiegato,DbImpiegato/0,true,18,2,2,1,8,0,0,0,1,0,0,0,0,1,0,1,0,1,0,1,0,0,0,10,1,0,false
/work/Papiere/finegrained-traceability/datasets/eANCI/code/DbImpiegato.java,DB.DbImpiegato,inserisciImpiegato/1[Bean.Impiegato],false,37,2,5,9,30,1,7,1,9,0,0,0,2,2,1,3,7,9,0,3,0,0,0,46,1,0,true
/work/Papiere/finegrained-traceability/datasets/eANCI/code/DbImpiegato.java,DB.DbImpiegato,getImpiegati/0,false,216,2,7,8,31,2,8,0,8,0,0,1,2,2,0,8,0,10,0,3,0,0,0,38,1,0,true
/work/Papiere/finegrained-traceability/datasets/eANCI/code/DbImpiegato.java,DB.DbImpiegato,"getImpiegatoByName/2[java.lang.String,java.lang.String]",false,118,2,7,9,33,2,8,2,9,0,0,1,2,2,0,8,2,10,0,3,0,0,0,52,1,0,true
/work/Papiere/finegrained-traceability/datasets/eANCI/code/DbImpiegato.java,DB.DbImpiegato,eliminaImpiegato/1[java.lang.String],false,82,1,5,4,21,1,2,1,4,0,0,0,2,2,1,3,3,4,0,3,0,0,0,43,1,0,true
/work/Papiere/finegrained-traceability/datasets/eANCI/code/DbImpiegato.java,DB.DbImpiegato,getImpiegatoByMatricola/1[java.lang.String],false,170,2,6,7,30,2,8,1,7,0,0,0,2,2,0,8,1,11,0,3,0,0,0,48,1,0,true
/work/Papiere/finegrained-traceability/datasets/eANCI/code/DbImpiegato.java,DB.DbImpiegato,"modificaImpiegato/2[java.lang.String,Bean.Impiegato]",false,313,2,5,9,31,1,7,2,9,0,0,0,2,2,1,3,8,9,0,3,0,0,0,46,1,0,true
/work/Papiere/finegrained-traceability/datasets/eANCI/code/DbImpiegato.java,DB.DbImpiegato,getImpiegatoByLogin/1[java.lang.String],false,266,2,6,7,30,2,8,1,7,0,0,0,2,2,0,8,1,11,0,3,0,0,0,47,1,0,true
/work/Papiere/finegrained-traceability/datasets/eANCI/code/DbNucleoFamiliare.java,DB.DbNucleoFamiliare,DbNucleoFamiliare/0,true,23,2,2,1,8,0,0,0,1,0,0,0,0,1,0,1,0,1,0,1,0,0,0,11,1,0,false
/work/Papiere/finegrained-traceability/datasets/eANCI/code/DbNucleoFamiliare.java,DB.DbNucleoFamiliare,"setnComponenti/2[int,int]",false,380,1,5,4,22,1,2,2,4,0,0,0,2,2,1,3,4,4,0,3,0,0,0,49,1,0,true
/work/Papiere/finegrained-traceability/datasets/eANCI/code/DbNucleoFamiliare.java,DB.DbNucleoFamiliare,getStatoFamiglia/1[int],false,119,4,8,13,37,3,12,1,13,1,1,1,3,2,0,9,2,14,0,3,0,0,0,61,1,0,true
/work/Papiere/finegrained-traceability/datasets/eANCI/code/DbNucleoFamiliare.java,DB.DbNucleoFamiliare,noteFamiglia/1[int],false,216,1,7,7,26,3,3,1,7,0,0,0,3,2,0,6,1,6,0,3,0,0,0,46,1,0,true
/work/Papiere/finegrained-traceability/datasets/eANCI/code/DbNucleoFamiliare.java,DB.DbNucleoFamiliare,lastId/0,false,338,1,6,6,24,2,3,0,6,0,0,0,2,2,0,3,2,6,0,3,0,0,0,28,2,0,false
/work/Papiere/finegrained-traceability/datasets/eANCI/code/DbNucleoFamiliare.java,DB.DbNucleoFamiliare,controllaIdFamiglia/1[int],false,176,1,5,6,24,1,3,1,6,0,0,0,2,2,1,3,1,6,0,3,0,0,0,47,1,0,true
/work/Papiere/finegrained-traceability/datasets/eANCI/code/DbNucleoFamiliare.java,DB.DbNucleoFamiliare,"setCapoFamiglia/2[int,int]",false,262,1,5,4,22,1,2,2,4,0,0,0,2,2,1,3,4,4,0,3,0,0,0,44,1,0,true
/work/Papiere/finegrained-traceability/datasets/eANCI/code/DbNucleoFamiliare.java,DB.DbNucleoFamiliare,inserisciNucleoFamiliare/1[Bean.NucleoFamiliare],false,42,3,4,9,26,1,4,1,9,1,1,0,1,2,0,3,5,5,0,3,0,0,0,45,1,0,true
/work/Papiere/finegrained-traceability/datasets/eANCI/code/DbNucleoFamiliare.java,DB.DbNucleoFamiliare,eliminaNucleoFamiliare/1[int],false,83,1,5,4,21,1,2,1,4,0,0,0,2,2,1,3,3,4,0,3,0,0,0,44,1,0,true
/work/Papiere/finegrained-traceability/datasets/eANCI/code/DbNucleoFamiliare.java,DB.DbNucleoFamiliare,getNucleoFamiliareById/1[int],false,299,2,6,8,29,2,7,1,8,0,0,0,2,2,0,7,1,10,0,3,0,0,0,47,1,0,true
/work/Papiere/finegrained-traceability/datasets/eANCI/code/DbRichiesta.java,DB.DbRichiesta,eliminaRichiesta/1[int],false,86,1,5,4,21,1,2,1,4,0,0,0,2,2,1,3,3,4,0,3,0,0,0,40,1,0,true
/work/Papiere/finegrained-traceability/datasets/eANCI/code/DbRichiesta.java,DB.DbRichiesta,getRichiestaById/1[int],false,122,2,6,8,31,2,9,1,8,0,0,0,2,2,0,9,1,12,0,3,0,0,0,47,1,0,true
/work/Papiere/finegrained-traceability/datasets/eANCI/code/DbRichiesta.java,DB.DbRichiesta,"getRichiestaByTipo/2[int,java.lang.String]",false,277,2,7,11,34,2,9,2,11,0,0,1,2,2,0,9,2,11,0,3,0,0,0,60,1,0,true
/work/Papiere/finegrained-traceability/datasets/eANCI/code/DbRichiesta.java,DB.DbRichiesta,"setStatoRichiesta/2[int,java.lang.String]",false,331,1,5,5,22,1,2,2,5,0,0,0,2,2,1,3,4,4,0,3,0,0,0,41,1,0,true
/work/Papiere/finegrained-traceability/datasets/eANCI/code/DbRichiesta.java,DB.DbRichiesta,getRichieste/0,false,367,2,7,9,32,2,9,0,9,0,0,1,2,2,0,9,0,11,0,3,0,0,0,47,1,0,true
/work/Papiere/finegrained-traceability/datasets/eANCI/code/DbRichiesta.java,DB.DbRichiesta,getRichiestaByRichiedente/1[int],false,170,2,7,10,33,2,9,1,10,0,0,1,2,2,0,9,1,11,0,3,0,0,0,54,1,0,true
/work/Papiere/finegrained-traceability/datasets/eANCI/code/DbRichiesta.java,DB.DbRichiesta,"getRichiestaByStato/2[int,java.lang.String]",false,223,2,7,11,34,2,9,2,11,0,0,1,2,2,0,9,2,11,0,3,0,0,0,59,1,0,true
/work/Papiere/finegrained-traceability/datasets/eANCI/code/DbRichiesta.java,DB.DbRichiesta,DbRichiesta/0,true,21,2,2,1,8,0,0,0,1,0,0,0,0,1,0,1,0,1,0,1,0,0,0,10,1,0,false
/work/Papiere/finegrained-traceability/datasets/eANCI/code/DbRichiesta.java,DB.DbRichiesta,inserisciRichiesta/1[Bean.Richiesta],false,40,2,5,10,31,1,7,1,10,0,0,0,2,2,1,3,9,9,0,3,0,0,0,45,1,0,true
/work/Papiere/finegrained-traceability/datasets/eANCI/code/Impiegato.java,Bean.Impiegato,getMatricola/0,false,74,0,1,0,3,1,0,0,0,0,0,0,0,0,0,0,0,0,0,0,0,0,0,7,1,0,true
/work/Papiere/finegrained-traceability/datasets/eANCI/code/Impiegato.java,Bean.Impiegato,getEmail/0,false,88,0,1,0,3,1,0,0,0,0,0,0,0,0,0,0,0,0,0,0,0,0,0,6,1,0,true
/work/Papiere/finegrained-traceability/datasets/eANCI/code/Impiegato.java,Bean.Impiegato,toString/0,false,116,0,1,0,3,1,0,0,0,0,0,0,0,0,0,5,0,0,1,0,0,0,0,19,1,0,true
/work/Papiere/finegrained-traceability/datasets/eANCI/code/Impiegato.java,Bean.Impiegato,getNome/0,false,46,0,1,0,3,1,0,0,0,0,0,0,0,0,0,0,0,0,0,0,0,0,0,7,1,0,true
/work/Papiere/finegrained-traceability/datasets/eANCI/code/Impiegato.java,Bean.Impiegato,getCognome/0,false,60,0,1,0,3,1,0,0,0,0,0,0,0,0,0,0,0,0,0,0,0,0,0,7,1,0,true
/work/Papiere/finegrained-traceability/datasets/eANCI/code/Impiegato.java,Bean.Impiegato,setLogin/1[java.lang.String],false,109,0,1,0,3,0,0,1,0,0,0,0,0,0,0,0,0,1,0,0,0,0,0,7,1,0,true
/work/Papiere/finegrained-traceability/datasets/eANCI/code/Impiegato.java,Bean.Impiegato,setMatricola/1[java.lang.String],false,81,0,1,0,3,0,0,1,0,0,0,0,0,0,0,0,0,1,0,0,0,0,0,7,1,0,true
/work/Papiere/finegrained-traceability/datasets/eANCI/code/Impiegato.java,Bean.Impiegato,"Impiegato/5[java.lang.String,java.lang.String,java.lang.String,java.lang.String,java.lang.String]",true,35,0,1,0,7,0,0,5,0,0,0,0,0,0,0,0,0,5,0,0,0,0,0,9,1,0,true
/work/Papiere/finegrained-traceability/datasets/eANCI/code/Impiegato.java,Bean.Impiegato,setNome/1[java.lang.String],false,53,0,1,0,3,0,0,1,0,0,0,0,0,0,0,0,0,1,0,0,0,0,0,7,1,0,true
/work/Papiere/finegrained-traceability/datasets/eANCI/code/Impiegato.java,Bean.Impiegato,Impiegato/0,true,20,0,1,0,7,0,0,0,0,0,0,0,0,0,0,0,0,5,0,0,0,0,0,11,1,0,true
/work/Papiere/finegrained-traceability/datasets/eANCI/code/Impiegato.java,Bean.Impiegato,setEmail/1[java.lang.String],false,95,0,1,0,3,0,0,1,0,0,0,0,0,0,0,0,0,1,0,0,0,0,0,7,1,0,true
/work/Papiere/finegrained-traceability/datasets/eANCI/code/Impiegato.java,Bean.Impiegato,getLogin/0,false,102,0,1,0,3,1,0,0,0,0,0,0,0,0,0,0,0,0,0,0,0,0,0,7,1,0,true
/work/Papiere/finegrained-traceability/datasets/eANCI/code/Impiegato.java,Bean.Impiegato,setCognome/1[java.lang.String],false,67,0,1,0,3,0,0,1,0,0,0,0,0,0,0,0,0,1,0,0,0,0,0,7,1,0,true
/work/Papiere/finegrained-traceability/datasets/eANCI/code/ImpiegatoManager.java,Manager.ImpiegatoManager,eliminaImpiegato/1[java.lang.String],false,58,1,1,1,3,1,0,1,1,0,0,0,0,0,0,0,0,0,0,0,0,0,0,31,1,0,true
/work/Papiere/finegrained-traceability/datasets/eANCI/code/ImpiegatoManager.java,Manager.ImpiegatoManager,getImpiegati/0,false,87,2,1,1,3,1,0,0,1,0,0,0,0,0,0,0,0,0,0,0,0,0,0,22,1,0,true
/work/Papiere/finegrained-traceability/datasets/eANCI/code/ImpiegatoManager.java,Manager.ImpiegatoManager,ricercaImpiegatoByMatricola/1[java.lang.String],false,38,2,1,1,3,1,0,1,1,0,0,0,0,0,0,0,0,0,0,0,0,0,0,27,1,0,true
/work/Papiere/finegrained-traceability/datasets/eANCI/code/ImpiegatoManager.java,Manager.ImpiegatoManager,getImpiegatoByLogin/1[java.lang.String],false,68,2,1,1,3,1,0,1,1,0,0,0,0,0,0,0,0,0,0,0,0,0,0,27,1,0,true
/work/Papiere/finegrained-traceability/datasets/eANCI/code/ImpiegatoManager.java,Manager.ImpiegatoManager,inserisciImpiegato/1[Bean.Impiegato],false,48,2,1,1,3,1,0,1,1,0,0,0,0,0,0,0,0,0,0,0,0,0,0,29,1,0,true
/work/Papiere/finegrained-traceability/datasets/eANCI/code/ImpiegatoManager.java,Manager.ImpiegatoManager,"getImpiegatoByName/2[java.lang.String,java.lang.String]",false,78,2,1,1,3,1,0,2,1,0,0,0,0,0,0,0,0,0,0,0,0,0,0,32,1,0,true
/work/Papiere/finegrained-traceability/datasets/eANCI/code/ImpiegatoManager.java,Manager.ImpiegatoManager,ImpiegatoManager/0,true,18,1,1,0,3,0,0,0,0,0,0,0,0,0,0,0,0,1,0,0,0,0,0,8,1,0,true
/work/Papiere/finegrained-traceability/datasets/eANCI/code/ImpiegatoManager.java,Manager.ImpiegatoManager,"modificaImpiegato/2[java.lang.String,Bean.Impiegato]",false,28,2,1,1,3,1,0,2,1,0,0,0,0,0,0,0,0,0,0,0,0,0,0,32,1,0,true
/work/Papiere/finegrained-traceability/datasets/eANCI/code/NucleoFamiliare.java,Bean.NucleoFamiliare,setIdNucleoFamiliare/1[int],false,49,0,1,0,4,1,0,1,0,0,0,0,0,0,0,0,0,1,0,0,0,0,0,17,1,0,true
/work/Papiere/finegrained-traceability/datasets/eANCI/code/NucleoFamiliare.java,Bean.NucleoFamiliare,getNote/0,false,78,0,1,0,3,1,0,0,0,0,0,0,0,0,0,0,0,0,0,0,0,0,0,14,1,0,true
/work/Papiere/finegrained-traceability/datasets/eANCI/code/NucleoFamiliare.java,Bean.NucleoFamiliare,setNote/1[java.lang.String],false,87,0,1,0,4,1,0,1,0,0,0,0,0,0,0,0,0,1,0,0,0,0,0,11,1,0,true
/work/Papiere/finegrained-traceability/datasets/eANCI/code/NucleoFamiliare.java,Bean.NucleoFamiliare,NucleoFamiliare/0,true,18,0,1,0,2,0,0,0,0,0,0,0,0,0,0,0,0,0,0,0,0,0,0,4,1,0,true
/work/Papiere/finegrained-traceability/datasets/eANCI/code/NucleoFamiliare.java,Bean.NucleoFamiliare,getIdNucleoFamiliare/0,false,40,0,1,0,3,1,0,0,0,0,0,0,0,0,0,0,0,0,0,0,0,0,0,14,1,0,true
/work/Papiere/finegrained-traceability/datasets/eANCI/code/NucleoFamiliare.java,Bean.NucleoFamiliare,setNComponenti/1[int],false,104,0,1,0,4,1,0,1,0,0,0,0,0,0,0,0,0,1,0,0,0,0,0,18,1,0,true
/work/Papiere/finegrained-traceability/datasets/eANCI/code/NucleoFamiliare.java,Bean.NucleoFamiliare,getNComponenti/0,false,95,0,1,0,3,1,0,0,0,0,0,0,0,0,0,0,0,0,0,0,0,0,0,18,1,0,true
/work/Papiere/finegrained-traceability/datasets/eANCI/code/NucleoFamiliare.java,Bean.NucleoFamiliare,"NucleoFamiliare/4[int,int,java.lang.String,int]",true,29,0,1,0,6,0,0,4,0,0,0,0,0,0,0,0,0,4,0,0,0,0,0,11,1,0,true
/work/Papiere/finegrained-traceability/datasets/eANCI/code/NucleoFamiliare.java,Bean.NucleoFamiliare,setCapoFamiglia/1[int],false,68,0,1,0,4,1,0,1,0,0,0,0,0,0,0,0,0,1,0,0,0,0,0,15,1,0,true
/work/Papiere/finegrained-traceability/datasets/eANCI/code/NucleoFamiliare.java,Bean.NucleoFamiliare,getCapoFamiglia/0,false,59,0,1,0,3,1,0,0,0,0,0,0,0,0,0,0,0,0,0,0,0,0,0,11,1,0,true
/work/Papiere/finegrained-traceability/datasets/eANCI/code/NucleoFamiliareManager.java,Manager.NucleoFamiliareManager,getNComponentiNucleo/1[int],false,47,2,1,2,3,1,0,1,2,0,0,0,0,0,0,0,0,0,0,0,0,0,0,30,1,0,true
/work/Papiere/finegrained-traceability/datasets/eANCI/code/NucleoFamiliareManager.java,Manager.NucleoFamiliareManager,decrementaComponenti/1[int],false,79,2,1,2,4,1,1,1,2,1,1,0,0,0,0,0,1,1,1,0,0,0,0,35,1,0,true
/work/Papiere/finegrained-traceability/datasets/eANCI/code/NucleoFamiliareManager.java,Manager.NucleoFamiliareManager,NucleoFamiliareManager/0,true,17,1,1,0,3,0,0,0,0,0,0,0,0,0,0,0,0,1,0,0,0,0,0,10,1,0,true
/work/Papiere/finegrained-traceability/datasets/eANCI/code/NucleoFamiliareManager.java,Manager.NucleoFamiliareManager,"setCapoFamiglia/2[int,int]",false,58,1,1,1,3,1,0,2,1,0,0,0,0,0,0,0,0,0,0,0,0,0,0,32,1,0,true
/work/Papiere/finegrained-traceability/datasets/eANCI/code/NucleoFamiliareManager.java,Manager.NucleoFamiliareManager,getNucleo/1[int],false,84,2,1,1,3,1,0,1,1,0,0,0,0,0,0,0,0,0,0,0,0,0,0,4,1,0,false
/work/Papiere/finegrained-traceability/datasets/eANCI/code/NucleoFamiliareManager.java,Manager.NucleoFamiliareManager,controllaidFamiglia/1[int],false,37,1,1,1,3,1,0,1,1,0,0,0,0,0,0,0,0,0,0,0,0,0,0,28,1,0,true
/work/Papiere/finegrained-traceability/datasets/eANCI/code/NucleoFamiliareManager.java,Manager.NucleoFamiliareManager,incrementaComponenti/1[int],false,68,2,1,2,4,1,1,1,2,1,1,0,0,0,0,0,1,1,1,0,0,0,0,35,1,0,true
/work/Papiere/finegrained-traceability/datasets/eANCI/code/NucleoFamiliareManager.java,Manager.NucleoFamiliareManager,inserisciNucleo/1[Bean.NucleoFamiliare],false,27,2,1,1,3,1,0,1,1,0,0,0,0,0,0,0,0,0,0,0,0,0,0,27,1,0,true
/work/Papiere/finegrained-traceability/datasets/eANCI/code/Richiesta.java,Bean.Richiesta,getRichiedente/0,false,116,0,1,0,3,1,0,0,0,0,0,0,0,0,0,0,0,0,0,0,0,0,0,14,1,0,true
/work/Papiere/finegrained-traceability/datasets/eANCI/code/Richiesta.java,Bean.Richiesta,setRichiedente/1[int],false,125,0,1,0,4,1,0,1,0,0,0,0,0,0,0,0,0,1,0,0,0,0,0,15,1,0,true
/work/Papiere/finegrained-traceability/datasets/eANCI/code/Richiesta.java,Bean.Richiesta,setDocumento/1[java.lang.String],false,161,0,1,0,4,1,0,1,0,0,0,0,0,0,0,0,0,1,0,0,0,0,0,17,1,0,true
/work/Papiere/finegrained-traceability/datasets/eANCI/code/Richiesta.java,Bean.Richiesta,getIdRichiesta/0,false,62,0,1,0,3,1,0,0,0,0,0,0,0,0,0,0,0,0,0,0,0,0,0,10,1,0,true
/work/Papiere/finegrained-traceability/datasets/eANCI/code/Richiesta.java,Bean.Richiesta,Richiesta/0,true,20,0,1,0,2,0,0,0,0,0,0,0,0,0,0,0,0,0,0,0,0,0,0,3,1,0,true
/work/Papiere/finegrained-traceability/datasets/eANCI/code/Richiesta.java,Bean.Richiesta,isRifiutata/0,false,178,0,1,1,3,1,0,0,1,0,0,0,0,0,0,1,0,0,0,0,0,0,0,17,1,0,true
/work/Papiere/finegrained-traceability/datasets/eANCI/code/Richiesta.java,Bean.Richiesta,getTipo/0,false,80,0,1,0,3,1,0,0,0,0,0,0,0,0,0,0,0,0,0,0,0,0,0,12,1,0,true
/work/Papiere/finegrained-traceability/datasets/eANCI/code/Richiesta.java,Bean.Richiesta,getStato/0,false,134,0,1,0,3,1,0,0,0,0,0,0,0,0,0,0,0,0,0,0,0,0,0,10,1,0,true
/work/Papiere/finegrained-traceability/datasets/eANCI/code/Richiesta.java,Bean.Richiesta,getData/0,false,98,0,1,0,3,1,0,0,0,0,0,0,0,0,0,0,0,0,0,0,0,0,0,15,1,0,true
/work/Papiere/finegrained-traceability/datasets/eANCI/code/Richiesta.java,Bean.Richiesta,setTipo/1[java.lang.String],false,89,0,1,0,4,1,0,1,0,0,0,0,0,0,0,0,0,1,0,0,0,0,0,16,1,0,true
/work/Papiere/finegrained-traceability/datasets/eANCI/code/Richiesta.java,Bean.Richiesta,getDocumento/0,false,152,0,1,0,3,1,0,0,0,0,0,0,0,0,0,0,0,0,0,0,0,0,0,13,1,0,true
/work/Papiere/finegrained-traceability/datasets/eANCI/code/Richiesta.java,Bean.Richiesta,setData/1[java.lang.String],false,107,0,1,0,4,1,0,1,0,0,0,0,0,0,0,0,0,1,0,0,0,0,0,17,1,0,true
/work/Papiere/finegrained-traceability/datasets/eANCI/code/Richiesta.java,Bean.Richiesta,setIdRichiesta/1[int],false,71,0,1,0,4,1,0,1,0,0,0,0,0,0,0,0,0,1,0,0,0,0,0,19,1,0,true
/work/Papiere/finegrained-traceability/datasets/eANCI/code/Richiesta.java,Bean.Richiesta,"Richiesta/6[int,java.lang.String,java.lang.String,int,java.lang.String,java.lang.String]",true,33,0,1,0,8,0,0,6,0,0,0,0,0,0,0,0,0,6,0,0,0,0,0,22,1,0,true
/work/Papiere/finegrained-traceability/datasets/eANCI/code/Richiesta.java,Bean.Richiesta,"Richiesta/5[java.lang.String,java.lang.String,int,java.lang.String,java.lang.String]",true,50,0,1,0,7,0,0,5,0,0,0,0,0,0,0,0,0,5,0,0,0,0,0,22,1,0,true
/work/Papiere/finegrained-traceability/datasets/eANCI/code/Richiesta.java,Bean.Richiesta,isAccettata/0,false,170,0,1,1,3,1,0,0,1,0,0,0,0,0,0,1,0,0,0,0,0,0,0,17,1,0,true
/work/Papiere/finegrained-traceability/datasets/eANCI/code/Richiesta.java,Bean.Richiesta,setStato/1[java.lang.String],false,143,0,1,0,4,1,0,1,0,0,0,0,0,0,0,0,0,1,0,0,0,0,0,18,1,0,true
/work/Papiere/finegrained-traceability/datasets/eANCI/code/ServletAnnulla.java,Servlet.ServletAnnulla,"doGet/2[Servlet.HttpServletRequest,Servlet.HttpServletResponse]",false,16,3,1,3,10,0,2,2,3,0,0,0,0,0,0,6,0,2,0,0,0,0,0,15,1,0,false
/work/Papiere/finegrained-traceability/datasets/eANCI/code/ServletCaricaPratica.java,Servlet.ServletCaricaPratica,"doGet/2[Servlet.HttpServletRequest,Servlet.HttpServletResponse]",false,19,7,1,7,12,0,7,2,7,0,0,0,0,0,0,4,0,7,0,0,0,0,0,28,1,0,false
/work/Papiere/finegrained-traceability/datasets/eANCI/code/ServletCreaPdfCambioAbitazione.java,Servlet.ServletCreaPdfCambioAbitazione,"aggiornaDB/2[java.lang.String,java.lang.String]",false,408,2,1,4,5,0,2,2,4,0,0,0,0,0,0,1,0,2,0,0,0,0,0,12,2,0,false
/work/Papiere/finegrained-traceability/datasets/eANCI/code/ServletCreaPdfCambioAbitazione.java,Servlet.ServletCreaPdfCambioAbitazione,"doPost/2[Servlet.HttpServletRequest,Servlet.HttpServletResponse]",false,36,8,13,21,313,0,155,2,21,2,1,0,3,1,0,214,22,159,30,3,0,0,0,332,1,0,false
/work/Papiere/finegrained-traceability/datasets/eANCI/code/ServletCreaPdfCambioAbitazione.java,Servlet.ServletCreaPdfCambioAbitazione,"cancellaDB/2[Servlet.HttpServletRequest,Servlet.HttpServletResponse]",false,414,8,3,11,14,0,7,2,11,0,0,0,0,0,0,4,0,7,0,1,0,0,0,30,2,0,false
/work/Papiere/finegrained-traceability/datasets/eANCI/code/ServletCreaPdfCertificati.java,Servlet.ServletCreaPdfCertificati,"doPost/2[Servlet.HttpServletRequest,Servlet.HttpServletResponse]",false,23,5,2,11,54,0,25,2,11,0,0,0,0,1,0,35,10,25,6,1,0,0,0,74,1,0,false
/work/Papiere/finegrained-traceability/datasets/eANCI/code/ServletCreaPdfCittadino.java,Servlet.ServletCreaPdfCittadino,"doPost/2[Servlet.HttpServletRequest,Servlet.HttpServletResponse]",false,36,6,5,15,181,0,102,2,15,0,0,0,1,1,0,134,9,106,10,3,0,0,0,207,1,0,false
/work/Papiere/finegrained-traceability/datasets/eANCI/code/ServletEliminaAmministratore.java,Servlet.ServletEliminaAmministratore,"doPost/2[Servlet.HttpServletRequest,Servlet.HttpServletResponse]",false,24,9,9,18,69,0,17,2,18,0,0,0,4,1,0,28,0,28,0,5,0,0,0,46,1,0,false
/work/Papiere/finegrained-traceability/datasets/eANCI/code/ServletEliminaCittadino.java,Servlet.ServletEliminaCittadino,"doPost/2[Servlet.HttpServletRequest,Servlet.HttpServletResponse]",false,27,13,13,27,99,0,26,2,27,0,0,0,6,1,0,37,1,41,0,6,0,0,0,60,1,0,false
/work/Papiere/finegrained-traceability/datasets/eANCI/code/ServletEliminaImpiegato.java,Servlet.ServletEliminaImpiegato,"doPost/2[Servlet.HttpServletRequest,Servlet.HttpServletResponse]",false,24,9,8,16,59,0,15,2,16,0,0,0,4,1,0,21,0,23,0,4,0,0,0,41,1,0,false
/work/Papiere/finegrained-traceability/datasets/eANCI/code/ServletInserisciAmministratore.java,Servlet.ServletInserisciAmministratore,"doPost/2[Servlet.HttpServletRequest,Servlet.HttpServletResponse]",false,32,9,5,10,44,0,9,2,10,0,0,0,1,1,0,16,0,23,0,3,0,0,0,43,1,0,false
/work/Papiere/finegrained-traceability/datasets/eANCI/code/ServletInserisciCittadino.java,Servlet.ServletInserisciCittadino,creaNucleoF/0,false,126,3,1,5,7,1,1,0,5,0,0,0,0,0,0,0,2,1,0,0,0,0,0,5,2,0,false
/work/Papiere/finegrained-traceability/datasets/eANCI/code/ServletInserisciCittadino.java,Servlet.ServletInserisciCittadino,"doPost/2[Servlet.HttpServletRequest,Servlet.HttpServletResponse]",false,40,9,9,21,79,0,8,2,21,1,1,0,6,1,1,30,6,36,0,5,0,0,0,51,1,0,false
/work/Papiere/finegrained-traceability/datasets/eANCI/code/ServletInserisciImpiegato.java,Servlet.ServletInserisciImpiegato,"doPost/2[Servlet.HttpServletRequest,Servlet.HttpServletResponse]",false,31,9,5,10,42,0,9,2,10,0,0,0,1,1,0,16,0,21,0,3,0,0,0,42,1,0,false
/work/Papiere/finegrained-traceability/datasets/eANCI/code/ServletLogin.java,Servlet.ServletLogin,"doPost/2[Servlet.HttpServletRequest,Servlet.HttpServletResponse]",false,27,13,10,15,51,0,17,2,15,0,0,0,2,1,0,19,4,23,2,4,0,0,0,42,1,0,false
/work/Papiere/finegrained-traceability/datasets/eANCI/code/ServletLogout.java,Servlet.ServletLogout,"doGet/2[Servlet.HttpServletRequest,Servlet.HttpServletResponse]",false,18,4,2,4,9,0,3,2,4,0,0,0,1,0,0,3,0,4,0,1,0,0,0,19,1,0,false
/work/Papiere/finegrained-traceability/datasets/eANCI/code/ServletModificaAccesso.java,Servlet.ServletModificaAccesso,"doPost/2[Servlet.HttpServletRequest,Servlet.HttpServletResponse]",false,28,7,7,14,42,0,8,2,14,0,0,0,1,1,0,19,0,20,0,4,0,0,0,38,1,0,false
/work/Papiere/finegrained-traceability/datasets/eANCI/code/ServletModificaAmministratore.java,Servlet.ServletModificaAmministratore,"doPost/2[Servlet.HttpServletRequest,Servlet.HttpServletResponse]",false,32,9,8,16,66,0,15,2,16,0,0,0,4,1,0,28,0,30,0,4,0,0,0,49,1,0,false
/work/Papiere/finegrained-traceability/datasets/eANCI/code/ServletModificaCittadino.java,Servlet.ServletModificaCittadino,"doPost/2[Servlet.HttpServletRequest,Servlet.HttpServletResponse]",false,33,12,33,30,157,0,20,2,30,1,1,0,13,1,0,60,5,61,0,8,0,0,0,61,1,0,false
/work/Papiere/finegrained-traceability/datasets/eANCI/code/ServletModificaCittadino.java,Servlet.ServletModificaCittadino,creaNucleoF/0,false,217,3,1,5,7,1,1,0,5,0,0,0,0,0,0,0,2,1,0,0,0,0,0,5,2,0,false
/work/Papiere/finegrained-traceability/datasets/eANCI/code/ServletModificaImpiegato.java,Servlet.ServletModificaImpiegato,"doPost/2[Servlet.HttpServletRequest,Servlet.HttpServletResponse]",false,32,9,8,16,66,0,14,2,16,0,0,0,4,1,0,28,0,30,0,4,0,0,0,47,1,0,false
/work/Papiere/finegrained-traceability/datasets/eANCI/code/ServletModificaResidenza.java,Servlet.ServletModificaResidenza,init/1[Servlet.ServletConfig],false,12,1,1,1,3,0,0,1,1,0,0,0,0,0,0,0,0,0,0,0,0,0,0,5,1,0,false
/work/Papiere/finegrained-traceability/datasets/eANCI/code/ServletModificaResidenza.java,Servlet.ServletModificaResidenza$CercaFiles,CercaFiles/0,true,34,0,1,0,2,0,0,0,0,0,0,0,0,0,0,0,0,0,0,0,0,0,0,2,1,0,false
/work/Papiere/finegrained-traceability/datasets/eANCI/code/ServletModificaResidenza.java,Servlet.ServletModificaResidenza$CercaFiles,"doPost/2[Servlet.HttpServletRequest,Servlet.HttpServletResponse]",false,140,8,7,13,48,0,12,2,13,1,2,0,3,1,0,17,1,17,0,4,0,0,0,53,1,0,false
/work/Papiere/finegrained-traceability/datasets/eANCI/code/ServletModificaResidenza.java,Servlet.ServletModificaResidenza$CercaFiles,"esploraFile/3[java.io.File,java.lang.String,java.lang.String]",false,89,1,3,1,9,2,1,3,1,0,0,0,1,0,0,0,3,1,0,1,0,0,0,17,4,0,true
/work/Papiere/finegrained-traceability/datasets/eANCI/code/ServletModificaResidenza.java,Servlet.ServletModificaResidenza$CercaFiles,"main/2[int,java.lang.String]",false,39,1,3,4,25,1,9,2,4,1,1,0,2,0,0,11,0,14,2,2,0,0,0,18,1,0,false
/work/Papiere/finegrained-traceability/datasets/eANCI/code/ServletModificaResidenza.java,Servlet.ServletModificaResidenza$CercaFiles$Filter,"Filter/2[java.lang.String,java.lang.String]",true,106,0,1,0,4,0,0,2,0,0,0,0,0,0,0,0,0,2,0,0,0,0,0,3,1,0,false
/work/Papiere/finegrained-traceability/datasets/eANCI/code/ServletModificaResidenza.java,Servlet.ServletModificaResidenza$CercaFiles$Filter,"accept/2[java.io.File,java.lang.String]",false,113,0,5,5,8,1,3,2,5,0,0,0,6,0,3,2,1,5,1,1,0,0,0,10,1,0,false
/work/Papiere/finegrained-traceability/datasets/eANCI/code/ServletMostraAccesso.java,Servlet.ServletMostraAccesso,"doGet/2[Servlet.HttpServletRequest,Servlet.HttpServletResponse]",false,21,7,3,9,29,0,8,2,9,0,0,0,1,1,0,6,0,11,0,2,0,0,0,34,1,0,false
/work/Papiere/finegrained-traceability/datasets/eANCI/code/ServletMostraAccessoA.java,Servlet.ServletMostraAccessoA,"doGet/2[Servlet.HttpServletRequest,Servlet.HttpServletResponse]",false,21,8,4,10,32,0,9,2,10,0,0,0,2,1,0,7,0,12,0,3,0,0,0,36,1,0,false
/work/Papiere/finegrained-traceability/datasets/eANCI/code/ServletRecuperoPassword.java,Servlet.ServletRecuperoPassword,generaPassword/0,false,88,0,3,2,12,1,6,0,2,0,0,1,0,0,1,1,4,8,3,2,0,0,0,9,10,0,false
/work/Papiere/finegrained-traceability/datasets/eANCI/code/ServletRecuperoPassword.java,Servlet.ServletRecuperoPassword,"doPost/2[Servlet.HttpServletRequest,Servlet.HttpServletResponse]",false,30,11,5,17,50,0,10,2,17,1,1,0,1,1,0,17,0,22,0,4,0,0,0,57,1,0,false
/work/Papiere/finegrained-traceability/datasets/eANCI/code/ServletRegistraCittadino.java,Servlet.ServletRegistraCittadino,"doPost/2[Servlet.HttpServletRequest,Servlet.HttpServletResponse]",false,33,10,10,19,59,0,9,2,19,0,0,0,1,1,0,25,0,28,0,5,0,0,0,50,1,0,false
/work/Papiere/finegrained-traceability/datasets/eANCI/code/ServletRicercaAmministratore.java,Servlet.ServletRicercaAmministratore,"doPost/2[Servlet.HttpServletRequest,Servlet.HttpServletResponse]",false,23,7,4,9,33,0,8,2,9,0,0,0,2,1,0,9,0,12,0,3,0,0,0,35,1,0,false
/work/Papiere/finegrained-traceability/datasets/eANCI/code/ServletRicercaCittadino.java,Servlet.ServletRicercaCittadino,"doPost/2[Servlet.HttpServletRequest,Servlet.HttpServletResponse]",false,24,9,6,14,52,0,13,2,14,0,0,0,3,1,0,17,1,21,0,4,0,0,0,45,1,0,false
/work/Papiere/finegrained-traceability/datasets/eANCI/code/ServletRicercaImpiegato.java,Servlet.ServletRicercaImpiegato,"doPost/2[Servlet.HttpServletRequest,Servlet.HttpServletResponse]",false,22,7,4,9,35,0,8,2,9,0,0,0,2,1,0,9,0,14,0,3,0,0,0,33,1,0,false
/work/Papiere/finegrained-traceability/datasets/eANCI/code/ServletRicercaPratica.java,Servlet.ServletRicercaPratica,"doPost/2[Servlet.HttpServletRequest,Servlet.HttpServletResponse]",false,19,6,6,12,34,0,12,2,12,0,0,0,0,1,1,14,2,16,0,2,0,0,0,32,1,0,false
/work/Papiere/finegrained-traceability/datasets/eANCI/code/ServletRisposta.java,Servlet.ServletRisposta,"doPost/2[Servlet.HttpServletRequest,Servlet.HttpServletResponse]",false,22,10,5,18,180,0,102,2,18,0,0,0,1,1,1,139,9,104,12,3,0,0,0,219,1,0,true
/work/Papiere/finegrained-traceability/datasets/eANCI/code/ServletStatoDiFamiglia.java,Servlet.ServletStatoDiFamiglia,"doGet/2[Servlet.HttpServletRequest,Servlet.HttpServletResponse]",false,21,7,3,13,19,0,7,2,13,0,0,1,0,1,0,3,1,8,0,2,0,0,0,30,1,0,false
/work/Papiere/finegrained-traceability/datasets/eANCI/code/ServletVisualizzaPratiche.java,Servlet.ServletVisualizzaPratiche,"doGet/2[Servlet.HttpServletRequest,Servlet.HttpServletResponse]",false,23,7,2,7,16,0,5,2,7,0,0,0,0,1,0,3,0,6,0,1,0,0,0,27,1,0,false
